"aq_id","CntrName","isoA","partner","n_partners","e","w","e_mean","w_mean","energy_mag","aligned","E_bin","A_bin","cell"
208,"Mexico","MEX","GTM",1,-0.0789884113186304,-1.23002946149704,-0.0789884113186304,-1.23002946149704,0.0789884113186304,TRUE,"Low energy asym.","Aligned","Low energy asym. x Aligned"
365,"Belize","BLZ","MEX",2,0.436928377563949,0.690144793756939,0.397434171904634,0.0751300630084175,0.436928377563949,TRUE,"High energy asym.","Aligned","High energy asym. x Aligned"
365,"Mexico","MEX","BLZ",2,-0.436928377563949,-0.690144793756939,-0.25795839444129,-0.96008712762699,0.436928377563949,TRUE,"High energy asym.","Aligned","High energy asym. x Aligned"
57,"Guatemala","GTM","HND",1,-0.21551962620355,0.724046776242114,-0.21551962620355,0.724046776242114,0.21551962620355,FALSE,"High energy asym.","Misaligned","High energy asym. x Misaligned"
294,"Guatemala","GTM","SLV",1,-0.0493927553295764,0.616691468775616,-0.0493927553295764,0.616691468775616,0.0493927553295764,FALSE,"Low energy asym.","Misaligned","Low energy asym. x Misaligned"
293,"El Salvador","SLV","GTM",1,0.0493927553295763,-0.616691468775616,0.0493927553295763,-0.616691468775616,0.0493927553295763,FALSE,"Low energy asym.","Misaligned","Low energy asym. x Misaligned"
215,"Honduras","HND","NIC",1,0.0741079721537218,0.735910672417087,0.0741079721537218,0.735910672417087,0.0741079721537218,TRUE,"Low energy asym.","Aligned","Low energy asym. x Aligned"
215,"Nicaragua","NIC","HND",1,-0.0741079721537218,-0.735910672417087,-0.0741079721537218,-0.735910672417087,0.0741079721537218,TRUE,"Low energy asym.","Aligned","Low energy asym. x Aligned"
397,"Canada","CAN","USA",1,0.131769277631123,0.0682524470193379,0.131769277631123,0.0682524470193379,0.131769277631123,TRUE,"Low energy asym.","Aligned","Low energy asym. x Aligned"
397,"United States","USA","CAN",1,-0.131769277631123,-0.068252447019338,-0.131769277631123,-0.068252447019338,0.131769277631123,TRUE,"Low energy asym.","Aligned","Low energy asym. x Aligned"
71,"Canada","CAN","USA",1,0.131769277631123,0.0682524470193379,0.131769277631123,0.0682524470193379,0.131769277631123,TRUE,"Low energy asym.","Aligned","Low energy asym. x Aligned"
329,"Mexico","MEX","USA",1,0.0277795641070757,0.279127263366968,0.0277795641070757,0.279127263366968,0.0277795641070757,TRUE,"Low energy asym.","Aligned","Low energy asym. x Aligned"
340,"Mexico","MEX","USA",1,0.0277795641070757,0.279127263366968,0.0277795641070757,0.279127263366968,0.0277795641070757,TRUE,"Low energy asym.","Aligned","Low energy asym. x Aligned"
340,"United States","USA","MEX",1,-0.0277795641070757,-0.279127263366968,-0.0277795641070757,-0.279127263366968,0.0277795641070757,TRUE,"Low energy asym.","Aligned","Low energy asym. x Aligned"
339,"Mexico","MEX","USA",1,0.0277795641070757,0.279127263366968,0.0277795641070757,0.279127263366968,0.0277795641070757,TRUE,"Low energy asym.","Aligned","Low energy asym. x Aligned"
339,"United States","USA","MEX",1,-0.0277795641070757,-0.279127263366968,-0.0277795641070757,-0.279127263366968,0.0277795641070757,TRUE,"Low energy asym.","Aligned","Low energy asym. x Aligned"
333,"Mexico","MEX","USA",1,0.0277795641070757,0.279127263366968,0.0277795641070757,0.279127263366968,0.0277795641070757,TRUE,"Low energy asym.","Aligned","Low energy asym. x Aligned"
327,"Mexico","MEX","USA",1,0.0277795641070757,0.279127263366968,0.0277795641070757,0.279127263366968,0.0277795641070757,TRUE,"Low energy asym.","Aligned","Low energy asym. x Aligned"
327,"United States","USA","MEX",1,-0.0277795641070757,-0.279127263366968,-0.0277795641070757,-0.279127263366968,0.0277795641070757,TRUE,"Low energy asym.","Aligned","Low energy asym. x Aligned"
346,"Mexico","MEX","USA",1,0.0277795641070757,0.279127263366968,0.0277795641070757,0.279127263366968,0.0277795641070757,TRUE,"Low energy asym.","Aligned","Low energy asym. x Aligned"
346,"United States","USA","MEX",1,-0.0277795641070757,-0.279127263366968,-0.0277795641070757,-0.279127263366968,0.0277795641070757,TRUE,"Low energy asym.","Aligned","Low energy asym. x Aligned"
58,"Canada","CAN","USA",1,0.131769277631123,0.0682524470193379,0.131769277631123,0.0682524470193379,0.131769277631123,TRUE,"Low energy asym.","Aligned","Low energy asym. x Aligned"
359,"United States","USA","CAN",1,-0.131769277631123,-0.068252447019338,-0.131769277631123,-0.068252447019338,0.131769277631123,TRUE,"Low energy asym.","Aligned","Low energy asym. x Aligned"
360,"United States","USA","CAN",1,-0.131769277631123,-0.068252447019338,-0.131769277631123,-0.068252447019338,0.131769277631123,TRUE,"Low energy asym.","Aligned","Low energy asym. x Aligned"
335,"Mexico","MEX","USA",1,0.0277795641070757,0.279127263366968,0.0277795641070757,0.279127263366968,0.0277795641070757,TRUE,"Low energy asym.","Aligned","Low energy asym. x Aligned"
337,"Mexico","MEX","USA",1,0.0277795641070757,0.279127263366968,0.0277795641070757,0.279127263366968,0.0277795641070757,TRUE,"Low energy asym.","Aligned","Low energy asym. x Aligned"
337,"United States","USA","MEX",1,-0.0277795641070757,-0.279127263366968,-0.0277795641070757,-0.279127263366968,0.0277795641070757,TRUE,"Low energy asym.","Aligned","Low energy asym. x Aligned"
331,"Mexico","MEX","USA",1,0.0277795641070757,0.279127263366968,0.0277795641070757,0.279127263366968,0.0277795641070757,TRUE,"Low energy asym.","Aligned","Low energy asym. x Aligned"
331,"United States","USA","MEX",1,-0.0277795641070757,-0.279127263366968,-0.0277795641070757,-0.279127263366968,0.0277795641070757,TRUE,"Low energy asym.","Aligned","Low energy asym. x Aligned"
334,"Mexico","MEX","USA",1,0.0277795641070757,0.279127263366968,0.0277795641070757,0.279127263366968,0.0277795641070757,TRUE,"Low energy asym.","Aligned","Low energy asym. x Aligned"
366,"United States","USA","MEX",1,-0.0277795641070757,-0.279127263366968,-0.0277795641070757,-0.279127263366968,0.0277795641070757,TRUE,"Low energy asym.","Aligned","Low energy asym. x Aligned"
367,"Mexico","MEX","USA",1,0.0277795641070757,0.279127263366968,0.0277795641070757,0.279127263366968,0.0277795641070757,TRUE,"Low energy asym.","Aligned","Low energy asym. x Aligned"
367,"United States","USA","MEX",1,-0.0277795641070757,-0.279127263366968,-0.0277795641070757,-0.279127263366968,0.0277795641070757,TRUE,"Low energy asym.","Aligned","Low energy asym. x Aligned"
323,"Mexico","MEX","USA",1,0.0277795641070757,0.279127263366968,0.0277795641070757,0.279127263366968,0.0277795641070757,TRUE,"Low energy asym.","Aligned","Low energy asym. x Aligned"
323,"United States","USA","MEX",1,-0.0277795641070757,-0.279127263366968,-0.0277795641070757,-0.279127263366968,0.0277795641070757,TRUE,"Low energy asym.","Aligned","Low energy asym. x Aligned"
320,"United States","USA","MEX",1,-0.0277795641070757,-0.279127263366968,-0.0277795641070757,-0.279127263366968,0.0277795641070757,TRUE,"Low energy asym.","Aligned","Low energy asym. x Aligned"
318,"United States","USA","MEX",1,-0.0277795641070757,-0.279127263366968,-0.0277795641070757,-0.279127263366968,0.0277795641070757,TRUE,"Low energy asym.","Aligned","Low energy asym. x Aligned"
257,"Peru","PER","ECU",1,0.484245985961279,-0.9312045156229,0.484245985961279,-0.9312045156229,0.484245985961279,FALSE,"High energy asym.","Misaligned","High energy asym. x Misaligned"
256,"Peru","PER","ECU",1,0.484245985961279,-0.9312045156229,0.484245985961279,-0.9312045156229,0.484245985961279,FALSE,"High energy asym.","Misaligned","High energy asym. x Misaligned"
255,"Bolivia","BOL","PER",1,-0.332439973093275,-1.94210347205207,-0.332439973093275,-1.94210347205207,0.332439973093275,TRUE,"High energy asym.","Aligned","High energy asym. x Aligned"
255,"Peru","PER","BOL",1,0.332439973093275,1.94210347205207,0.332439973093275,1.94210347205207,0.332439973093275,TRUE,"High energy asym.","Aligned","High energy asym. x Aligned"
259,"Brazil","BRA","PRY",1,-0.0194180858571016,0.87076065987568,-0.0194180858571016,0.87076065987568,0.0194180858571016,FALSE,"Low energy asym.","Misaligned","Low energy asym. x Misaligned"
281,"Argentina","ARG","URY",1,-0.310154928303839,-0.134688599425117,-0.310154928303839,-0.134688599425117,0.310154928303839,TRUE,"High energy asym.","Aligned","High energy asym. x Aligned"
290,"Argentina","ARG","URY",1,-0.310154928303839,-0.134688599425117,-0.310154928303839,-0.134688599425117,0.310154928303839,TRUE,"High energy asym.","Aligned","High energy asym. x Aligned"
61,"Argentina","ARG","BOL",2,0.437800488751101,0.93895351094517,0.246944977701072,0.650227097109681,0.437800488751101,TRUE,"High energy asym.","Aligned","High energy asym. x Aligned"
200,"China","CHN","RUS",1,0.486810747562117,2.17776630563608,0.486810747562117,2.17776630563608,0.486810747562117,TRUE,"High energy asym.","Aligned","High energy asym. x Aligned"
201,"China","CHN","RUS",1,0.486810747562117,2.17776630563608,0.486810747562117,2.17776630563608,0.486810747562117,TRUE,"High energy asym.","Aligned","High energy asym. x Aligned"
121,"Turkey","TUR","IRQ",1,0.84495319342795,0.716251235854646,0.84495319342795,0.716251235854646,0.84495319342795,TRUE,"High energy asym.","Aligned","High energy asym. x Aligned"
200,"Russia","RUS","CHN",1,-0.486810747562117,-2.17776630563608,-0.486810747562117,-2.17776630563608,0.486810747562117,TRUE,"High energy asym.","Aligned","High energy asym. x Aligned"
201,"Russia","RUS","CHN",1,-0.486810747562117,-2.17776630563608,-0.486810747562117,-2.17776630563608,0.486810747562117,TRUE,"High energy asym.","Aligned","High energy asym. x Aligned"
119,"Turkey","TUR","IRQ",1,0.84495319342795,0.716251235854646,0.84495319342795,0.716251235854646,0.84495319342795,TRUE,"High energy asym.","Aligned","High energy asym. x Aligned"
142,"Turkmenistan","TKM","IRN",1,-0.321583624127462,-1.93203741484709,-0.321583624127462,-1.93203741484709,0.321583624127462,TRUE,"High energy asym.","Aligned","High energy asym. x Aligned"
87,"Albania","ALB","MNE",1,0.159064694629687,1.29450249521735,0.159064694629687,1.29450249521735,0.159064694629687,TRUE,"Low energy asym.","Aligned","Low energy asym. x Aligned"
87,"Montenegro","MNE","ALB",1,-0.159064694629688,-1.29450249521735,-0.159064694629688,-1.29450249521735,0.159064694629688,TRUE,"Low energy asym.","Aligned","Low energy asym. x Aligned"
78,"Greece","GRC","MKD",2,0.327422401101295,0.778874646444828,0.225860058889436,-0.0109969157371155,0.327422401101295,TRUE,"High energy asym.","Aligned","High energy asym. x Aligned"
83,"Greece","GRC","MKD",1,0.327422401101295,0.778874646444828,0.327422401101295,0.778874646444828,0.327422401101295,TRUE,"High energy asym.","Aligned","High energy asym. x Aligned"
83,"Macedonia","MKD","GRC",1,-0.327422401101295,-0.778874646444828,-0.327422401101295,-0.778874646444828,0.327422401101295,TRUE,"High energy asym.","Aligned","High energy asym. x Aligned"
417,"Albania","ALB","MNE",1,0.159064694629687,1.29450249521735,0.159064694629687,1.29450249521735,0.159064694629687,TRUE,"Low energy asym.","Aligned","Low energy asym. x Aligned"
417,"Montenegro","MNE","ALB",1,-0.159064694629688,-1.29450249521735,-0.159064694629688,-1.29450249521735,0.159064694629688,TRUE,"Low energy asym.","Aligned","Low energy asym. x Aligned"
369,"Spain","ESP","PRT",1,-0.200670695462151,0.184086525669469,-0.200670695462151,0.184086525669469,0.200670695462151,FALSE,"High energy asym.","Misaligned","High energy asym. x Misaligned"
369,"Portugal","PRT","ESP",1,0.200670695462151,-0.184086525669469,0.200670695462151,-0.184086525669469,0.200670695462151,FALSE,"High energy asym.","Misaligned","High energy asym. x Misaligned"
376,"Austria","AUT","DEU",1,-0.146982190348646,-0.0306938437906027,-0.146982190348646,-0.0306938437906027,0.146982190348646,TRUE,"Low energy asym.","Aligned","Low energy asym. x Aligned"
376,"Germany","DEU","AUT",1,0.146982190348646,0.0306938437906027,0.146982190348646,0.0306938437906027,0.146982190348646,TRUE,"Low energy asym.","Aligned","Low energy asym. x Aligned"
393,"Hungary","HUN","SVK",1,-0.112117298120706,-0.0285173887545444,-0.112117298120706,-0.0285173887545444,0.112117298120706,TRUE,"Low energy asym.","Aligned","Low energy asym. x Aligned"
393,"Slovakia","SVK","HUN",1,0.112117298120706,0.0285173887545444,0.112117298120706,0.0285173887545444,0.112117298120706,TRUE,"Low energy asym.","Aligned","Low energy asym. x Aligned"
22,"Belgium","BEL","NLD",1,-0.161119349143352,-1.08780503332653,-0.161119349143352,-1.08780503332653,0.161119349143352,TRUE,"Low energy asym.","Aligned","Low energy asym. x Aligned"
22,"Netherlands","NLD","BEL",1,0.161119349143352,1.08780503332653,0.161119349143352,1.08780503332653,0.161119349143352,TRUE,"Low energy asym.","Aligned","Low energy asym. x Aligned"
21,"Belgium","BEL","NLD",1,-0.161119349143352,-1.08780503332653,-0.161119349143352,-1.08780503332653,0.161119349143352,TRUE,"Low energy asym.","Aligned","Low energy asym. x Aligned"
21,"Netherlands","NLD","BEL",1,0.161119349143352,1.08780503332653,0.161119349143352,1.08780503332653,0.161119349143352,TRUE,"Low energy asym.","Aligned","Low energy asym. x Aligned"
20,"Belgium","BEL","NLD",1,-0.161119349143352,-1.08780503332653,-0.161119349143352,-1.08780503332653,0.161119349143352,TRUE,"Low energy asym.","Aligned","Low energy asym. x Aligned"
20,"Netherlands","NLD","BEL",1,0.161119349143352,1.08780503332653,0.161119349143352,1.08780503332653,0.161119349143352,TRUE,"Low energy asym.","Aligned","Low energy asym. x Aligned"
9,"Belgium","BEL","NLD",1,-0.161119349143352,-1.08780503332653,-0.161119349143352,-1.08780503332653,0.161119349143352,TRUE,"Low energy asym.","Aligned","Low energy asym. x Aligned"
9,"Netherlands","NLD","BEL",1,0.161119349143352,1.08780503332653,0.161119349143352,1.08780503332653,0.161119349143352,TRUE,"Low energy asym.","Aligned","Low energy asym. x Aligned"
30,"Belgium","BEL","NLD",1,-0.161119349143352,-1.08780503332653,-0.161119349143352,-1.08780503332653,0.161119349143352,TRUE,"Low energy asym.","Aligned","Low energy asym. x Aligned"
4,"Belgium","BEL","NLD",1,-0.161119349143352,-1.08780503332653,-0.161119349143352,-1.08780503332653,0.161119349143352,TRUE,"Low energy asym.","Aligned","Low energy asym. x Aligned"
4,"Netherlands","NLD","BEL",1,0.161119349143352,1.08780503332653,0.161119349143352,1.08780503332653,0.161119349143352,TRUE,"Low energy asym.","Aligned","Low energy asym. x Aligned"
16,"Belgium","BEL","NLD",1,-0.161119349143352,-1.08780503332653,-0.161119349143352,-1.08780503332653,0.161119349143352,TRUE,"Low energy asym.","Aligned","Low energy asym. x Aligned"
16,"Netherlands","NLD","BEL",1,0.161119349143352,1.08780503332653,0.161119349143352,1.08780503332653,0.161119349143352,TRUE,"Low energy asym.","Aligned","Low energy asym. x Aligned"
19,"Belgium","BEL","NLD",1,-0.161119349143352,-1.08780503332653,-0.161119349143352,-1.08780503332653,0.161119349143352,TRUE,"Low energy asym.","Aligned","Low energy asym. x Aligned"
19,"Netherlands","NLD","BEL",1,0.161119349143352,1.08780503332653,0.161119349143352,1.08780503332653,0.161119349143352,TRUE,"Low energy asym.","Aligned","Low energy asym. x Aligned"
17,"Belgium","BEL","FRA",1,0.0283706971292156,0.995212788167068,0.0283706971292156,0.995212788167068,0.0283706971292156,TRUE,"Low energy asym.","Aligned","Low energy asym. x Aligned"
10,"Belgium","BEL","FRA",1,0.0283706971292156,0.995212788167068,0.0283706971292156,0.995212788167068,0.0283706971292156,TRUE,"Low energy asym.","Aligned","Low energy asym. x Aligned"
29,"Belgium","BEL","FRA",1,0.0283706971292156,0.995212788167068,0.0283706971292156,0.995212788167068,0.0283706971292156,TRUE,"Low energy asym.","Aligned","Low energy asym. x Aligned"
29,"France","FRA","BEL",1,-0.0283706971292156,-0.995212788167068,-0.0283706971292156,-0.995212788167068,0.0283706971292156,TRUE,"Low energy asym.","Aligned","Low energy asym. x Aligned"
2,"Germany","DEU","CHE",2,-0.0422598092898827,-0.422980446028154,-0.0211299046449414,0.0766546933420284,0.0422598092898827,TRUE,"Low energy asym.","Aligned","Low energy asym. x Aligned"
2,"France","FRA","CHE",2,-0.0422598092898827,-0.999270278740365,-0.0211299046449414,-0.787780055726288,0.0422598092898827,TRUE,"Low energy asym.","Aligned","Low energy asym. x Aligned"
315,"Algeria","DZA","TUN",2,-0.958254930973187,0.567896216178214,-0.0119728467981768,1.52786627547799,0.958254930973187,FALSE,"High energy asym.","Misaligned","High energy asym. x Misaligned"
315,"Libya","LBY","TUN",2,-1.89256416835002,-1.91994011859955,-1.41343670286343,-2.20388822668866,1.89256416835002,TRUE,"High energy asym.","Aligned","High energy asym. x Aligned"
315,"Tunisia","TUN","LBY",2,1.89256416835002,1.91994011859955,1.4254095496616,0.676021951210667,1.89256416835002,TRUE,"High energy asym.","Aligned","High energy asym. x Aligned"
72,"Morocco","MAR","DZA",1,1.26291533995939,-0.46750179397816,1.26291533995939,-0.46750179397816,1.26291533995939,FALSE,"High energy asym.","Misaligned","High energy asym. x Misaligned"
40,"Libya","LBY","TUN",1,-1.89256416835002,-1.91994011859955,-1.89256416835002,-1.91994011859955,1.89256416835002,TRUE,"High energy asym.","Aligned","High energy asym. x Aligned"
40,"Tunisia","TUN","LBY",1,1.89256416835002,1.91994011859955,1.89256416835002,1.91994011859955,1.89256416835002,TRUE,"High energy asym.","Aligned","High energy asym. x Aligned"
42,"Tunisia","TUN","DZA",1,0.958254930973187,-0.567896216178214,0.958254930973187,-0.567896216178214,0.958254930973187,FALSE,"High energy asym.","Misaligned","High energy asym. x Misaligned"
391,"Egypt","EGY","ISR",2,-1.36736635123437,0.0182526501839341,-1.35771974976703,0.819014451219584,1.36736635123437,FALSE,"High energy asym.","Misaligned","High energy asym. x Misaligned"
391,"Israel","ISR","EGY",2,1.36736635123437,-0.0182526501839342,0.693329777084525,0.791635475943682,1.36736635123437,FALSE,"High energy asym.","Misaligned","High energy asym. x Misaligned"
391,"Gaza Strip","PSE","EGY",2,1.34807314829969,-1.61977625225523,0.664389972682507,-1.61064992716327,1.34807314829969,FALSE,"High energy asym.","Misaligned","High energy asym. x Misaligned"
306,"Egypt","EGY","ISR",2,-1.36736635123437,0.0182526501839341,-1.35771974976703,0.819014451219584,1.36736635123437,FALSE,"High energy asym.","Misaligned","High energy asym. x Misaligned"
306,"Israel","ISR","EGY",2,1.36736635123437,-0.0182526501839342,0.693329777084525,0.791635475943682,1.36736635123437,FALSE,"High energy asym.","Misaligned","High energy asym. x Misaligned"
306,"Gaza Strip","PSE","EGY",2,1.34807314829969,-1.61977625225523,0.664389972682507,-1.61064992716327,1.34807314829969,FALSE,"High energy asym.","Misaligned","High energy asym. x Misaligned"
388,"Israel","ISR","PSE",1,0.0192932029346789,1.6015236020713,0.0192932029346789,1.6015236020713,0.0192932029346789,TRUE,"Low energy asym.","Aligned","Low energy asym. x Aligned"
388,"West Bank","PSE","ISR",1,-0.0192932029346789,-1.6015236020713,-0.0192932029346789,-1.6015236020713,0.0192932029346789,TRUE,"Low energy asym.","Aligned","Low energy asym. x Aligned"
121,"Iraq","IRQ","TUR",1,-0.844953193427949,-0.716251235854646,-0.844953193427949,-0.716251235854646,0.844953193427949,TRUE,"High energy asym.","Aligned","High energy asym. x Aligned"
119,"Iraq","IRQ","TUR",1,-0.844953193427949,-0.716251235854646,-0.844953193427949,-0.716251235854646,0.844953193427949,TRUE,"High energy asym.","Aligned","High energy asym. x Aligned"
286,"Jordan","JOR","SAU",1,1.52242653544447,2.67977816400314,1.52242653544447,2.67977816400314,1.52242653544447,TRUE,"High energy asym.","Aligned","High energy asym. x Aligned"
286,"Saudi Arabia","SAU","JOR",1,-1.52242653544447,-2.67977816400314,-1.52242653544447,-2.67977816400314,1.52242653544447,TRUE,"High energy asym.","Aligned","High energy asym. x Aligned"
284,"Kuwait","KWT","IRQ",2,-0.555525802683898,1.65965182329097,-0.0891157857712148,2.51492865503076,0.555525802683898,FALSE,"High energy asym.","Misaligned","High energy asym. x Misaligned"
284,"Saudi Arabia","SAU","IRQ",2,-0.932820033825366,-1.71055366347957,-0.655057132483417,-2.54037957512505,0.932820033825366,TRUE,"High energy asym.","Aligned","High energy asym. x Aligned"
285,"Saudi Arabia","SAU","JOR",1,-1.52242653544447,-2.67977816400314,-1.52242653544447,-2.67977816400314,1.52242653544447,TRUE,"High energy asym.","Aligned","High energy asym. x Aligned"
283,"Kuwait","KWT","IRQ",2,-0.555525802683898,1.65965182329097,-0.0891157857712148,2.51492865503076,0.555525802683898,FALSE,"High energy asym.","Misaligned","High energy asym. x Misaligned"
283,"Saudi Arabia","SAU","IRQ",2,-0.932820033825366,-1.71055366347957,-0.655057132483417,-2.54037957512505,0.932820033825366,TRUE,"High energy asym.","Aligned","High energy asym. x Aligned"
231,"Saudi Arabia","SAU","YEM",1,-1.34373474670109,-0.380268966504867,-1.34373474670109,-0.380268966504867,1.34373474670109,TRUE,"High energy asym.","Aligned","High energy asym. x Aligned"
142,"Iran","IRN","TKM",1,0.321583624127462,1.93203741484709,0.321583624127462,1.93203741484709,0.321583624127462,TRUE,"High energy asym.","Aligned","High energy asym. x Aligned"
230,"Saudi Arabia","SAU","YEM",1,-1.34373474670109,-0.380268966504867,-1.34373474670109,-0.380268966504867,1.34373474670109,TRUE,"High energy asym.","Aligned","High energy asym. x Aligned"
233,"United Arab Emirates","ARE","SAU",2,0.713766467762681,4.09304421611199,0.458353655879686,2.16800470398754,0.713766467762681,TRUE,"High energy asym.","Aligned","High energy asym. x Aligned"
233,"Qatar","QAT","SAU",2,0.510825623765991,3.85007902424891,0.15394238988465,1.80355691619292,0.510825623765991,TRUE,"High energy asym.","Aligned","High energy asym. x Aligned"
233,"Saudi Arabia","SAU","ARE",2,-0.713766467762681,-4.09304421611199,-0.612296045764336,-3.97156162018045,0.713766467762681,TRUE,"High energy asym.","Aligned","High energy asym. x Aligned"
356,"Lebanon","LBN","ISR",1,-0.752180712144138,-3.80332661522826,-0.752180712144138,-3.80332661522826,0.752180712144138,TRUE,"High energy asym.","Aligned","High energy asym. x Aligned"
386,"West Bank","PSE","ISR",1,-0.0192932029346789,-1.6015236020713,-0.0192932029346789,-1.6015236020713,0.0192932029346789,TRUE,"Low energy asym.","Aligned","Low energy asym. x Aligned"
390,"Israel","ISR","EGY",1,1.36736635123437,-0.0182526501839342,1.36736635123437,-0.0182526501839342,1.36736635123437,FALSE,"High energy asym.","Misaligned","High energy asym. x Misaligned"
62,"Israel","ISR","JOR",1,0.355765439555892,1.58706941828507,0.355765439555892,1.58706941828507,0.355765439555892,TRUE,"High energy asym.","Aligned","High energy asym. x Aligned"
392,"Egypt","EGY","LBY",3,1.29098418131557,5.15901948778697,-0.0806142095822313,4.85304067247177,1.29098418131557,TRUE,"High energy asym.","Aligned","High energy asym. x Aligned"
392,"Libya","LBY","SDN",3,-2.15598161880217,-0.257981408925266,-1.80192645133632,-2.02565197791085,2.15598161880217,TRUE,"High energy asym.","Aligned","High energy asym. x Aligned"
47,"Libya","LBY","NER",3,-2.07944154167984,-0.665507755543961,-1.65752144431596,-1.27109970911401,2.07944154167984,TRUE,"High energy asym.","Aligned","High energy asym. x Aligned"
51,"Morocco","MAR","DZA",2,1.26291533995939,-0.46750179397816,0.565323685690818,0.952762484744381,1.26291533995939,FALSE,"High energy asym.","Misaligned","High energy asym. x Misaligned"
120,"Turkey","TUR","IRN",2,1.26694760348732,0.63117384258479,1.05595039845764,0.673712539219718,1.26694760348732,TRUE,"High energy asym.","Aligned","High energy asym. x Aligned"
120,"Iraq","IRQ","TUR",2,-0.844953193427949,-0.716251235854646,-0.211479391684287,-0.400664314562251,0.844953193427949,TRUE,"High energy asym.","Aligned","High energy asym. x Aligned"
232,"United Arab Emirates","ARE","SAU",3,0.713766467762681,4.09304421611199,0.0563186657215246,3.1835691005209,0.713766467762681,TRUE,"High energy asym.","Aligned","High energy asym. x Aligned"
232,"Oman","OMN","YEM",3,-0.71512608727872,1.96788741376356,-0.0572250787322177,0.857051986062809,0.71512608727872,FALSE,"High energy asym.","Misaligned","High energy asym. x Misaligned"
232,"Yemen","YEM","SAU",3,1.34373474670109,0.380268966504867,0.896276370972743,-1.76679789895527,1.34373474670109,TRUE,"High energy asym.","Aligned","High energy asym. x Aligned"
63,"Bangladesh","BGD","PAK",3,0.349051018828073,0.780018713650073,0.233492758799343,0.647529866811058,0.349051018828073,TRUE,"High energy asym.","Aligned","High energy asym. x Aligned"
63,"India","IND","PAK",3,0.205263126036361,0.374892654593754,0.0417755684103941,0.107361788069298,0.205263126036361,TRUE,"High energy asym.","Aligned","High energy asym. x Aligned"
63,"Nepal","NPL","BGD",3,-0.207639364778244,-0.75744482772678,-0.0433597275716496,-0.362396570157983,0.207639364778244,TRUE,"High energy asym.","Aligned","High energy asym. x Aligned"
63,"Pakistan","PAK","BGD",3,-0.349051018828073,-0.780018713650073,-0.231908599638088,-0.392495084722373,0.349051018828073,TRUE,"High energy asym.","Aligned","High energy asym. x Aligned"
74,"Slovenia","SVN","HUN",3,0.112117298120706,0.435058097821634,0.0846491645199747,0.0455993416636221,0.112117298120706,TRUE,"Low energy asym.","Aligned","Low energy asym. x Aligned"
116,"Austria","AUT","SVK",4,-0.0953101798043249,0.717608422380261,-0.0556508513654252,0.524669325155953,0.0953101798043249,FALSE,"Low energy asym.","Misaligned","Low energy asym. x Misaligned"
116,"Hungary","HUN","SVK",4,-0.112117298120706,-0.0285173887545444,-0.0766597492609018,-0.407987938762554,0.112117298120706,TRUE,"Low energy asym.","Aligned","Low energy asym. x Aligned"
116,"Slovakia","SVK","HUN",4,0.112117298120706,0.0285173887545444,0.063486873389981,-0.372341202819373,0.112117298120706,TRUE,"Low energy asym.","Aligned","Low energy asym. x Aligned"
116,"Slovenia","SVN","HUN",4,0.112117298120706,0.435058097821634,0.063486873389981,0.135834683514489,0.112117298120706,TRUE,"Low energy asym.","Aligned","Low energy asym. x Aligned"
387,"Argentina","ARG","URY",3,-0.310154928303839,-0.134688599425117,-0.0595193030482169,-0.0941492975841376,0.310154928303839,TRUE,"High energy asym.","Aligned","High energy asym. x Aligned"
387,"Brazil","BRA","URY",3,-0.385662480811985,0.374571377176371,-0.160196039725744,0.58486400455118,0.385662480811985,FALSE,"High energy asym.","Misaligned","High energy asym. x Misaligned"
389,"Argentina","ARG","URY",3,-0.310154928303839,-0.134688599425117,-0.0595193030482169,-0.0941492975841376,0.310154928303839,TRUE,"High energy asym.","Aligned","High energy asym. x Aligned"
389,"Brazil","BRA","URY",3,-0.385662480811985,0.374571377176371,-0.160196039725744,0.58486400455118,0.385662480811985,FALSE,"High energy asym.","Misaligned","High energy asym. x Misaligned"
