"iso3","energy","gdp_pc","agva","agland_km2","agva_ha"
"AFG",0.7,413.757894705303,5959243270.69578,381160,156.344927870075
"AGO",0.97,2665.87444776753,22289780488.1933,460630,483.897715915014
"ALB",1.36,11377.7757431099,4179188054.89164,10446,4000.75440828225
"AND",NA,49303.6491674336,NA,NA,NA
"ARE",0.49,50273.5060469837,4249693669.1627,3917.037,10849.2558767321
"ARG",1.1,13969.7836603737,37063607556.0073,1161363.431,319.138751631722
"ARM",0.77,8556.21406956719,2026039263.61622,16523,1226.19334480192
"AUS",NA,64603.9856308464,35766874141.9844,3632436.782,98.4652350158489
"AUT",1.2,58268.8787651601,6506444439.44687,25972.63,2505.11574663285
"AZE",0.56,7283.8499076179,4204176470.58824,47796,879.60843388322
"BDI",1.21,219.424830882698,1076045723.36732,21542.068,499.509018060532
"BEL",1.43,56614.5679499036,5314812815.70312,13533,3927.29831944367
"BEN",0.72,1485.38018885134,5205614705.6986,47167.523,1103.6438580204
"BFA",0.98,981.992649769081,4840610622.49715,146107.887,331.303855109283
"BGD",1.12,2593.41611680774,50254940777.9345,93990,5346.83910819603
"BGR",1.11,17596.0173663521,2664766058.09579,50029.9,532.634696070908
"BHR",NA,29653.5682731534,115655851.06383,81,14278.500131337
"BIH",1.05,9358.78768951134,1342653814.74736,11130,1206.3376592519
"BLR",0.6,8317.63399913792,5215526376.75159,80340,649.181774552102
"BLZ",1.13,7681.24400583113,254620750,1820,1399.01510989011
"BOL",0.71,4421.16609889999,4843968017.36614,388153.989,124.795008028789
"BRA",1.02,10310.5488778166,125734503064.3,2367588,531.06580648449
"BRN",0.37,33153.4738913513,180174229.230955,134,13445.8380023101
"BTN",0.98,3831.32535494609,451726890.439088,5270,857.166775026732
"BWA",0.71,7695.75319445165,332194795.995881,258620,12.8448996982399
"CAF",1.41,516.160999996036,767629395.717686,56688,135.413031985197
"CAN",0.81,54340.3477224733,32317366984.9627,568750,568.21744149385
"CHE",1.45,103998.186685604,5888174200.61352,14932.228,3943.26566712852
"CHL",1.03,16709.8893972307,12921250975.8143,106975.37,1207.87158537655
"CHN",0.96,13303.1481543868,1270079880349.97,5204130,2440.52296992959
"CIV",0.93,2727.8935220697,13815657481.8529,274993.096,502.400157778976
"CMR",1.03,1830.00833684727,9839607925.84558,98969,994.211109119581
"COD",1.49,649.383338556725,6837546542.47403,350956.638,194.825964296878
"COG",0.97,2482.2489948456,1484020092.78878,106514,139.326294457891
"COL",0.68,7919.20886825345,38878036435.8259,404830,960.35462875345
"CPV",1.02,NA,NA,NA,NA
"CRI",0.98,18587.1532203482,3396788401.44388,16923.326,2007.16360450888
"CUB",NA,9605.27914559614,2.965e+09,64010,463.208873613498
"CYP",NA,38674.29296875,434727077.898884,1289.963,3370.07400909083
"CZE",1.17,31823.3078290564,6590993603.77888,35344.14,1864.80519932834
"DEU",1.39,56103.7323182554,42844948475,165860,2583.19959453756
"DJI",1.32,3552.72335079222,104299733.852499,17039,61.2123562723745
"DNK",1.55,71026.4832271897,3938410354.45536,26210,1502.63653355794
"DOM",1.07,10875.6618443092,5535511934.47348,26679.089,2074.8504322893
"DZA",0.28,5752.99076651465,37596599118.4309,413447,909.345070067769
"ECU",0.61,6874.705739766,11814430700,53500,2208.30480373832
"EGY",0.4,3338.47371395895,53348334164.8371,40580,13146.45987305
"ERI",2,688.68165957684,262243902.439024,75920,34.5421367806934
"ESP",1.26,35326.7683069278,47507843534.375,247726.62,1917.75286541168
"EST",1.14,31428.3547816104,762048886.642969,9880,771.304541136608
"ETH",0.75,1133.88279681719,52070359092.7573,384569.33,1353.99146605782
"FIN",1.45,53149.7671934051,7369928611.71875,22620,3258.14704320015
"FRA",1.39,46103.0840855884,41079261216.3281,282972.45,1451.70532383375
"GAB",0.92,8230.04311451151,1370578110.80195,21532.36,636.520154224595
"GBR",1.46,53246.3676145108,23519500335.4917,170094.506,1382.73133498455
"GEO",0.76,9241.49122313713,1875441245.27402,23719,790.691532220591
"GHA",0.92,2390.77237652715,17191485762.4444,126037.4,1363.99876246609
"GIN",0.9,1694.95375862193,7742830635.00366,179938.91,430.303297658281
"GMB",1.18,871.340291776294,491404463.470743,6340,775.085904527986
"GNB",NA,1007.74151728028,935439713.593689,8405.305,1112.91584730559
"GNQ",NA,6745.40013244916,402003333.750598,1047.2,3838.84008547172
"GRC",1.54,24626.1481858973,9648688024.94843,53720.387,1796.09428817935
"GTM",0.79,6150.02571438505,11070841568.347,46120,2400.4426644291
"GUY",0.9,29675.2443873316,1879923261.39089,7200,2611.00452970957
"HKG",1.86,NA,NA,NA,NA
"HND",0.98,3426.43483328923,4161398705.01089,35760,1163.70209871669
"HRV",1.26,24050.4397933135,2692708413.38582,14860,1812.05142219773
"HTI",0.81,2142.62330526788,4000591528.91659,17950,2228.74179883933
"HUN",1.18,23292.3263882478,6038283705.04229,50830.46,1187.92623656018
"IDN",0.63,4925.43048751861,176054814059.639,551222.03,3193.90017956356
"IND",0.97,2694.73780859961,636742788037.657,1785710,3565.76817085449
"IRL",1.37,112894.953240805,6220377775.83906,41890,1484.93143371665
"IRN",0.4,5190.16959024821,51328977384.6191,470670,1090.55128613719
"IRQ",0.61,6073.61032342708,9492632384.61539,94774,1001.60723242824
"ISR",1.57,54176.6844383302,6928087916.61191,5367,12908.6788086676
"ITA",1.61,40385.3413957669,47551679943.3594,130875.57,3633.35036044996
"JOR",1.1,4618.09592498567,2703499295.77465,10240,2640.13603102993
"KAZ",0.42,14154.6324958076,11316113974.998,2142657,52.8134646609233
"KEN",0.95,2132.43452097647,27043723857.2442,287686.669,940.040911567029
"KGZ",0.56,2420.18542283831,1504459312.72788,103588.44,145.234286058162
"KHM",0.9,2627.87969756224,7683819250.32535,61543.397,1248.5204952735
"KOR",1.22,36238.639908315,27347868341.4321,15680,17441.2425646888
"KWT",0.35,32717.7186631255,789889497.898536,1500,5265.92998599024
"LAO",0.93,2123.97909415109,2767852768.82776,22872,1210.14898951896
"LBN",0.74,3477.72489842684,194050904.133849,6742.138,287.818054352861
"LBR",0.8,851.497723870206,1616967840,19230.4,840.839420916882
"LBY",0.11,6569.16408678648,1159801068.16594,153500,75.5570728446866
"LKA",NA,4515.56787322732,8213633487.85605,30069,2731.59516041639
"LSO",0.7,971.90771824829,147720154.9617,23607.48,62.5734533976943
"LTU",1.16,29384.0189598663,2183899588.94844,28730,760.146045578991
"LUX",1.19,137781.681659123,195410805.067187,1329.982,1469.27405834956
"LVA",1.16,23409.0845154775,1765800908.62109,19710,895.890871953876
"MAR",0.99,4153.1943359375,16972291769.8482,297882.659,569.764343678972
"MDA",0.8,7576.19589413326,1293414044.67226,24400,530.087723226336
"MDG",NA,544.987501003384,3912274861.99351,408950,95.6663372537843
"MEX",0.73,14185.7812248529,69140535233.8707,985454.116,701.610903149048
"MKD",1.11,9291.85661671864,1031158628.9677,12510,824.267489182814
"MLI",1.12,1094.61949265799,8909677884.2033,432794.888,205.863750502601
"MMR",0.54,1359.05001560107,15431530794.9173,129973.32,1187.28449768901
"MNE",1.16,13263.3281277699,288908409.755,2635.2,1096.34338856633
"MNG",0.72,6750.6301157724,1734848516.22436,1074672.457,16.1430443752813
"MOZ",0.65,656.776824637306,5726476571.47328,415123.32,137.946395578868
"MRT",1.13,2110.12036938187,2108641383.22711,397100,53.1010169535913
"MWI",1.15,522.570393642547,3595764243.28878,60500,594.341197237815
"MYS",0.45,11874.4273684245,34320586273.8363,85710,4004.26861204484
"NAM",0.76,4413.12752211572,975005966.06691,388120,25.1212502851415
"NER",0.88,735.270255787226,6849729282.80216,465985,146.994630359393
"NGA",0.46,1084.16041805436,65268559713.1048,693982.088,940.493434077002
"NIC",0.91,2847.53966339498,2838199834.53609,50910,557.493583684166
"NLD",1.68,67520.4218956281,21014416800.7812,18030,11655.250582796
"NOR",1.78,86785.4334489176,10039146956.1846,9820,10223.1639065016
"NPL",0.91,1447.31004458428,9386213890.3037,37441,2506.9346145412
"OMN",0.45,20285.2272897377,2788899960.15615,14717.3,1894.98070988303
"PAK",0.79,1478.77277977996,88222928688.0339,359950,2450.97732151782
"PAN",0.74,19161.2188501596,2320694392.56237,21899.662,1059.69415992008
"PER",0.99,8452.37167056621,21221435986.5878,243855.6,870.245997491458
"PHL",NA,3984.8315387656,41926533969.6326,127226,3295.43756540586
"PNG",NA,3006.70564478923,5226329756.63461,14050,3719.80765596769
"POL",1.07,25103.565661423,23314255569.6602,145800,1599.05730930454
"PRK",0.58,NA,NA,25953,NA
"PRT",1.54,29292.242104753,6333313353.94844,39699.597,1595.30923045603
"PRY",1.04,6416.09708970845,4763686356.09391,214270,222.321666873287
"PSE",1.54,2592.30591217647,1.018e+09,3912,2602.24948875256
"QAT",0.4,76688.6941743178,629670329.67033,740,8509.05850905851
"ROU",1.16,20080.2096215595,10755545407.0981,127150,845.894251443028
"RUS",0.59,14889.0185546875,59640759949.5317,2157010,276.497373445333
"RWA",1.17,999.65456165547,3503163343.29495,18831.31,1860.28658829096
"SAU",0.24,35121.6628687742,31438133333.3333,1736374.17,181.056214014824
"SDN",0.95,984.607666015625,11018032471.1835,1126650,97.7946342802423
"SEN",1.14,1773.21829923448,5457427058.17107,95110,573.8016042657
"SGP",NA,90674.066632628,150198356.125017,6.6,227573.266856086
"SLE",1.08,806.654650417726,2032674948.33833,39490,514.73156453237
"SLV",0.83,5579.65969165029,1549130000,11957,1295.58417663293
"SOM",1.41,629.538899449007,575395413.513214,441292,13.0388815911735
"SRB",1.16,13679.2065983557,2858144527.15931,33960,841.620885500386
"SSD",NA,1080.14718624765,1242375561.84451,283472.333,43.8270482588687
"STP",NA,NA,102812741.047113,430,2390.99397783984
"SUR",NA,6961.78955961526,299019383.313117,714.32,4186.07043500276
"SVK",1.32,25992.6748502048,2230680072.80781,18250,1222.29045085359
"SVN",1.32,34301.0318686594,1121801847.80234,6112,1835.40878239912
"SWE",1.42,57117.4877440616,8586593659.10392,29820,2879.47473477663
"SWZ",0.77,3909.55892378182,314724986.839223,11950,263.368189823618
"SYR",NA,1051.67149587463,10171986461.0194,136060,747.610352860459
"TCD",0.78,961.55975562506,7358340364.99777,503373,146.180672483382
"TGO",0.71,1119.38160509429,2271771554.16813,38200,594.704595331971
"THA",0.71,7346.62022142185,45865619933.0314,223760,2049.76849897352
"TJK",0.71,1341.20229027672,2798877774.72964,38787,721.602025093366
"TKM",0.29,6856.65802730208,6252149800.62824,395782.392,157.969377289231
"TLS",NA,1331.9705130185,376116386.661186,3414,1101.68830304975
"TTO",0.54,18733.4110406494,199334175.095772,540,3691.37361288467
"TUN",0.73,4181.13789301228,4999063388.51576,97005,515.34079568226
"TUR",1.42,15892.7157287241,79106775252.7513,385880,2050.03563938922
"TZA",0.87,1186.71691894531,18385000013.8892,395212,465.193364925387
"UGA",0.94,1077.91278452817,13272545772.3208,144150,920.745457670538
"UKR",0.83,5389.47314453125,13563928924.9327,413110,328.336978648125
"URY",1.5,23906.5133029408,5199257741.07624,142386,365.152314207593
"USA",0.71,84534.0407841548,223723739000,4215403.674,530.729098093015
"UZB",1.03,3161.70010632875,21068519783.9146,255820,823.568125397334
"VEN",NA,4217.59102643391,15865030890.8213,215000,737.908413526572
"VNM",0.8,4717.29028732449,56516273390.5477,122910.36,4598.1700314398
"XKX",NA,7023.06598512878,821341125.996616,NA,NA
"YEM",0.92,633.887202451545,6210721199.20393,234520,264.826931571036
"ZAF",0.92,6267.186814093,11276969219.4595,963410,117.05264860713
"ZMB",1.4,1187.10943350064,717018297.383375,238390,30.0775325048607
"ZWE",1.34,2497.20332208763,3609131343.75799,161671.216,223.238955767982
