grp,label,specification,h1_estimate,h1_wcb_lo,h1_wcb_hi,h1_wcb_bound_one,h1_wcb_bound_one_alt,h1_p_one,h1_mde80,h1_mde90,h2_estimate,h2_wcb_lo,h2_wcb_hi,h2_wcb_bound_one,h2_wcb_bound_one_alt,h2_p_one
0,Preferred specification (ATO),Preferred specification (ATO),-138.7157243902875,-357.78991176950274,23.230894339678976,-355.08867210174265,greater,0.897,334.7729612064317,394.00411704752884,-0.07896063416966331,-0.12410649658737202,-0.002341118226723389,-0.00492357184930646,less,0.045
1,Country fixed effects,Country fixed effects (within-country identification),0.9927160396101584,-144.4477312919425,84.38758384637183,-142.19910802910783,greater,0.466,52.67839636837251,61.99874976104133,-0.030272109400839062,-0.17665815298125304,0.34526959406256186,0.33482970067381523,less,0.325
1,"ATT estimand, nearest-neighbour matching","ATT estimand, nearest-neighbour matching (different estimand)",-107.22581152123071,-277.30894399673184,7.923276969368279,-277.9199688503775,greater,0.917,228.80063269230212,269.2821754151706,-0.06825089901271279,-0.11204050133397442,-0.00882350528749009,-0.00953029811930754,less,0.04
2,Spearman rank correlation for H2,Spearman rank correlation for H2,NA,NA,NA,NA,NA,NA,NA,NA,-0.09820596448324508,-0.16922854346744753,0.02574313243761794,0.025367500656662222,less,0.072
2,"H2 as physical slope, mm/yr/km","H2 as physical slope, mm/yr/km (table only)",NA,NA,NA,NA,NA,NA,NA,NA,-0.49211844767526636,-0.9830941414518601,0.4419603672565118,0.4368499513408821,less,0.234
2,Robust (Huber M) first-stage level,Robust (Huber M) first-stage level (approx. spatial SE),-123.94273250484856,-318.6960933592503,25.018993112998047,-316.63694059700686,greater,0.89,302.8987466129854,356.4904190110549,-0.07896063416966331,-0.12410649658737202,-0.002341118226723389,-0.00492357184930646,less,0.045
2,Trimmed-mean first-stage level,Trimmed-mean first-stage level (approx. spatial SE),-125.6929563000614,-321.5813710672304,27.257424856795485,-319.81410443997663,greater,0.89,302.5445470927206,356.07355120686407,-0.07896063416966331,-0.12410649658737202,-0.002341118226723389,-0.00492357184930646,less,0.045
2,Stricter distance-variation screen (SD$\geq$10),Stricter distance-variation screen (SD >= 10 km),-125.65810249189288,-312.3547142410941,12.666361403921732,-314.2221321532423,greater,0.915,253.17791812365567,297.9725176333208,-0.059181831284428645,-0.11670231914869436,0.052353453180405164,0.057895479916181984,less,0.124
2,Wells within 0--100 km only,Wells within 0-100 km only (support diagnostic),-29.35471576843764,-117.99934471895035,33.247671434413846,-118.73127956289812,greater,0.751,118.55270156288431,139.52815166001528,-0.10791314135950228,-0.29378820970034764,0.11128396237774296,0.13234137545949948,less,0.198
2,Empirical common distance support (45--365 km),Empirical common distance support (45-365 km),-147.07297385258755,-337.08322723732897,133.60455156525768,-337.36252572645674,greater,0.797,479.8426056737671,564.7408365626569,-0.07953940660491117,-0.16671192779661503,0.08799237762990403,0.08359602164959226,less,0.196
3,Conley cutoff 5 km,Conley cutoff 5 km,-141.40355645351033,-363.1223953469271,22.1874412338176,-359.5680814897395,greater,0.899,338.273274027092,398.12373787151756,-0.0763711334570303,-0.12252301982680694,0.0021369045756277245,-0.001822286978058186,less,0.047
3,Conley cutoff 25 km,Conley cutoff 25 km,-137.6465387173944,-358.39572367728084,23.97437431352919,-352.9774502963365,greater,0.891,334.71272319735243,393.9332211678423,-0.07635825751402729,-0.12101057277033356,0.0037429082977714703,0.0013300149305170074,less,0.051
3,Conley cutoff 50 km,Conley cutoff 50 km,-139.90057190950787,-360.8263694337471,24.40485357100706,-356.60917851080114,greater,0.89,337.6967478763021,397.4452073349468,-0.07479890247571426,-0.12128037683171299,0.007600395543869076,0.004241479224838357,less,0.054
3,Effective sample size $n/\rho^{0}$,Effective sample size n/rho^0,NA,NA,NA,NA,NA,NA,NA,NA,-0.07460123203193296,-0.12222393067221496,-0.00228877245701432,-0.003998477821626564,less,0.044
3,Effective sample size $n/\rho^{1}$,Effective sample size n/rho^1,NA,NA,NA,NA,NA,NA,NA,NA,-0.0765826445565883,-0.12296819501794046,-0.0025468787659961006,-0.004210453099244887,less,0.044
3,"Dense-segment Conley subsample, seed 2","Dense-segment Conley subsample, seed 2",-138.71571273478747,-357.78989180574007,23.2308998534468,-355.08865224042296,greater,0.897,334.77295431628363,394.0041089383114,-0.07896018492964249,-0.124080250518744,-0.0023387946693006678,-0.004894410248948688,less,0.045
3,"Dense-segment Conley subsample, seed 3","Dense-segment Conley subsample, seed 3",-138.71583319670856,-357.79005208406704,23.23080882507938,-355.08881202780367,greater,0.897,334.7730567522745,394.0042294982336,-0.07896140345366336,-0.12408205699973651,-0.0023390147444057492,-0.004894663626132944,less,0.045
3,"Dense-segment Conley subsample, seed 4","Dense-segment Conley subsample, seed 4",-138.7157404170045,-357.7899351526156,23.230883751044583,-355.08869539414934,greater,0.897,334.7730243770451,394.0041913948765,-0.07896358754531654,-0.12407180605265813,-0.0023394734176672813,-0.004881728762199134,less,0.045
3,"Dense-segment Conley subsample, seed 5","Dense-segment Conley subsample, seed 5",-138.7158326264413,-357.7900719835314,23.230824527225813,-355.0888316748712,greater,0.897,334.7730751600369,394.004251162869,-0.0789637230126254,-0.12412281846832801,-0.002331125437386116,-0.004940467066099835,less,0.045
3,"Dense-segment Conley subsample, seed 6","Dense-segment Conley subsample, seed 6",-138.71573341414964,-357.7899293037613,23.230891606971916,-355.0886895310659,greater,0.897,334.77299772393405,394.0041600260484,-0.07895795289412988,-0.12406460240260317,-0.0023499546011493634,-0.004892121518430253,less,0.045
4,No variance winsorisation,No variance winsorisation,-138.17821961615624,-356.5568041401216,23.24469708346014,-353.9728728841927,greater,0.895,334.53055140554426,393.71881784290326,-0.07902738671217308,-0.12400241482741756,-0.002264183385377014,-0.004816910896025697,less,0.043
4,Variance winsorisation at 5th/95th,Variance winsorisation at 5th/95th,-141.4439419922491,-363.06146851214004,19.4686085420458,-359.32748399658266,greater,0.904,335.7568714086009,395.1621098228792,-0.07898955967028354,-0.12422698600629359,-0.002098730955346844,-0.00468488127736976,less,0.045
4,No segment random effect,No segment random effect,-105.58433523212479,-304.30541055193623,42.98873234624183,-299.2522312004386,greater,0.798,310.3366767839224,365.24433718622714,-0.08390505985877499,-0.13696606396802832,-0.03900998692982313,-0.038577122383016305,less,0.015
4,Minimum 50 wells per segment,Minimum 50 wells per segment,-106.8185649182042,-353.92292875913563,85.86191662141482,-353.92292875913563,greater,0.786,277.4709698000661,326.563722674674,-0.07801001916335969,-0.17385350541904937,-0.02427556361344926,-0.024305857880144065,less,0.015
4,Minimum 100 wells per segment,Minimum 100 wells per segment,-22.41730703717186,-216.92417679488165,35.53375577514361,-231.8249022044567,greater,0.724,170.31892838848788,200.45334233193202,-0.04484523053126383,-0.14041628740070122,0.10837120872765266,0.10858242844938512,less,0.112
4,No Covariate,Unadjusted outcome model (~ 1 + TBn),-126.85315730150138,-456.71600687174214,38.09176764116937,-453.1519652786119,greater,0.754,305.35657412191466,359.38310829522214,-0.07911858411707148,-0.12920629904567504,0.006268136001577874,0.004647020049581181,less,0.054
4,Augmented covariate set (+ precipitation),Augmented covariate set (+ precipitation),-137.67930253949888,-349.89993220298186,18.840281396587727,-346.4961763851396,greater,0.907,336.9707497198389,396.5907588108349,-0.08068198000056988,-0.12391127638176667,0.010040899408704458,0.004248999039426709,less,0.057
4,"ATO-weighted, equal segment information","ATO-weighted, equal segment information",-153.32727935741804,-381.55231639664714,12.371397370971472,-377.9215069653943,greater,0.93,333.06632109589674,391.9955222451111,-0.07106914728031384,-0.11657237433081949,0.035454497979811275,0.028149353830909468,less,0.096
4,Exclude river-border segments,Exclude river-border segments,-154.1343650798403,-322.71127070966065,-25.306566802885737,-322.71127070966065,greater,0.969,273.34610215732016,321.7090449621694,-0.06733961803697905,-0.1316014239494538,0.026790969844383318,0.03088474996129558,less,0.088
4,"Exclude aquifers with a border-crossing river (Q$\geq$10~m$^3$\,s$^{-1}$)",Exclude aquifers with a border-crossing river (Q >= 10 m3/s),-105.79466183513662,-322.78016887346513,135.2579802356285,-321.8955720218293,greater,0.869,256.66207809225756,302.07312769195346,-0.06220014491842952,-0.15109105743232948,0.03038650618624021,0.02816906303177838,less,0.114
