code,name,CC_1,CC_2,class,classF,cooperation_level,has_river_border,dist_class,class_stage1,classF_stage1,class_stage2,classF_stage2,measured_stage2,changed_stage2,changed_stage3,changed_overall,near_share_stage1,near_share_stage2,audit_error_class,audit_tier,comment_stage2,comment_stage3
AF001,Karoo Sedimentary Aquifer,LSO,ZAF,DA,DA,0,TRUE,10-100km,UB,BL,UB,BL,False,False,True,True,0.5189,0.5189,C,1,,"stage 3 (UB->DA): audit class C, tier 1 -- groundwater irrigation absent from the whole polygon, contradicted by external sources; evidence on the LSO side"
AF002,Coastal Sedimentary Basin V,NAM,ZAF,UB,UB,0,TRUE,0-10km,IU0,IU0,IU0,IU0,False,False,True,True,1.0,1.0,B,1,,"stage 3 (IU0->UB): audit class B, tier 1 -- settlement above the urban-cluster floor, yet the urban layer reads zero across the whole polygon; target re-derived from the rule on the corrected frame; evidence on the NAM/ZAF side"
AF003,Coastal Sedimentary Basin VI,MOZ,ZAF,UB,UB,0,TRUE,10-100km,IU1,IU1,IU1,IU1,False,False,True,True,,,B,1,,"stage 3 (IU1->UB): audit class B, tier 1 -- settlement above the urban-cluster floor, yet the urban layer reads zero across the whole polygon; target re-derived from the rule on the corrected frame; evidence on the MOZ side"
AF004,Rhyolite-Breccia Aquifer,MOZ,SWZ,UB,UB,0,TRUE,10-100km,UB,UB,UB,UB,True,False,False,False,0.2295,0.0,,,,
AF004,Rhyolite-Breccia Aquifer,SWZ,ZAF,IU1,IU1,0,TRUE,0-10km,IU1,IU1,IU1,IU1,True,False,False,False,0.2295,0.1615,,,,
AF005,Stampriet Transboundary Aquifer System,BWA,NAM,IU1,IU1,2,FALSE,100+km,IU0,IU0,IU0,IU0,True,False,True,True,,,B,1,,"stage 3 (IU0->IU1): audit class B, tier 1 -- settlement above the urban-cluster floor, yet the urban layer reads zero across the whole polygon; evidence on the BWA/NAM side"
AF005,Stampriet Transboundary Aquifer System,BWA,ZAF,IU1,IU1,2,FALSE,100+km,IU0,IU0,IU0,IU0,True,False,True,True,,,B,1,,"stage 3 (IU0->IU1): audit class B, tier 1 -- settlement above the urban-cluster floor, yet the urban layer reads zero across the whole polygon; evidence on the BWA/ZAF side"
AF005,Stampriet Transboundary Aquifer System,NAM,ZAF,IU0,IU0,2,FALSE,100+km,IU0,IU0,IU0,IU0,True,False,False,False,,,,,,
AF006,Khakhea-Bray Dolomite Transboundary Aquifer,BWA,ZAF,IU1,IU1,2,FALSE,10-100km,IU1,IU1,IU1,IU1,False,False,False,False,,,,,,
AF007,Ramotswa,BWA,ZAF,UB,UB,2,TRUE,10-100km,UB,UB,UB,UB,False,False,False,False,,,,,,
AF009,Tuli Karoo Sub-Basin,BWA,ZAF,BL,BL,2,TRUE,10-100km,UB,BL,UB,BL,True,False,True,True,1.0,1.0,C,1,,"stage 3 (UB->BL): audit class C, tier 1 -- groundwater irrigation absent from the whole polygon, contradicted by external sources; evidence on the BWA side"
AF009,Tuli Karoo Sub-Basin,BWA,ZWE,UB,DA,2,TRUE,10-100km,IU1,BL,IU1,DA,True,True,True,True,1.0,0.2218,B,1,stage 2 (IU1->IU1): near-zone share 1.000 -> 0.222,"stage 3 (IU1->UB): audit class B, tier 1 -- settlement above the urban-cluster floor, yet the urban layer reads zero across the whole polygon; target re-derived from the rule on the corrected frame; future target re-inferred BL -> DA; evidence on the ZWE side"
AF009,Tuli Karoo Sub-Basin,ZAF,ZWE,UB,DA,2,TRUE,10-100km,IU1,BL,IU1,DA,True,True,True,True,1.0,0.9926,B,1,stage 2 (IU1->IU1): near-zone share 1.000 -> 0.993,"stage 3 (IU1->UB): audit class B, tier 1 -- settlement above the urban-cluster floor, yet the urban layer reads zero across the whole polygon; target re-derived from the rule on the corrected frame; future target re-inferred BL -> DA; evidence on the ZWE side"
AF010,Northern Kalahari / Karoo Basin / Eiseb Graben Aquifer,BWA,NAM,IU0,IU0,0,FALSE,10-100km,IU0,IU0,IU0,IU0,False,False,False,False,,,,,,
AF012,Eastern Kalahari Karoo Basin,BWA,ZWE,IU1,UB,1,FALSE,100+km,IU1,UB,IU1,UB,False,False,False,False,0.0,0.0,,,,
AF013,Cuvelai and Etosha Basin / Ohangwena Aquifer System,AGO,NAM,IU0,IU0,2,FALSE,10-100km,IU0,IU0,IU0,IU0,False,False,False,False,,,,,,
AF014,Nata Karoo Sub-basin / Caprivi Lower Aquifer,AGO,NAM,UB,UB,0,TRUE,100+km,UB,UB,UB,UB,True,False,False,False,,,,,,
AF014,Nata Karoo Sub-basin / Caprivi Lower Aquifer,AGO,ZMB,UB,UB,0,TRUE,100+km,UB,UB,UB,UB,True,False,False,False,0.9886,0.0,,,,
AF014,Nata Karoo Sub-basin / Caprivi Lower Aquifer,BWA,NAM,UB,UB,0,TRUE,10-100km,UB,UB,UB,UB,True,False,False,False,,,,,,
AF014,Nata Karoo Sub-basin / Caprivi Lower Aquifer,NAM,ZMB,UB,UB,0,TRUE,100+km,UB,UB,UB,UB,True,False,False,False,0.9886,0.9886,,,,
AF016,Medium Zambesi Aquifer,ZMB,ZWE,UB,BL,0,TRUE,10-100km,UB,BL,UB,BL,False,False,False,False,0.7171,0.7171,,,,
AF017,Shire colluvium aquifer,MOZ,MWI,UB,UB,0,TRUE,10-100km,UB,UB,UB,UB,False,False,False,False,0.0,0.0,,,,
AF018,Arangua Alluvial,MOZ,ZMB,IU0,IU0,0,TRUE,10-100km,IU0,IU0,IU0,IU0,False,False,False,False,0.6722,0.6722,,,,
AF019,Bua River,MWI,ZMB,UB,UB,0,FALSE,10-100km,IU1,IU1,IU1,IU1,False,False,True,True,,,B,1,,"stage 3 (IU1->UB): audit class B, tier 1 -- settlement above the urban-cluster floor, yet the urban layer reads zero across the whole polygon; target re-derived from the rule on the corrected frame; evidence on the ZMB side"
AF020,Coastal Sedimentary Basin III,MOZ,TZA,UB,DA,0,TRUE,10-100km,UB,DA,UB,DA,False,False,False,False,0.3564,0.3564,,,,
AF021,Karoo Sandstone Aquifer,MOZ,TZA,IU1,IU1,0,TRUE,10-100km,IU1,IU1,IU1,IU1,False,False,False,False,,,,,,
AF022,Kalahari/Katangian Basin,COD,ZMB,UB,UB,0,FALSE,10-100km,UB,UB,UB,UB,False,False,False,False,,,,,,
AF023,Congo Intra-cratonic Basin,AGO,COD,UB,UB,0,TRUE,100+km,UB,UB,UB,UB,False,False,False,False,,,,,,
AF025,Karoo-Carbonate,CAF,COD,UB,UB,0,TRUE,100+km,UB,UB,UB,UB,True,False,False,False,,,,,,
AF025,Karoo-Carbonate,CAF,SSD,UB,UB,0,TRUE,100+km,UB,UB,UB,UB,True,False,False,False,,,,,,
AF025,Karoo-Carbonate,COD,SSD,UB,UB,0,TRUE,100+km,UB,UB,UB,UB,True,False,False,False,,,,,,
AF026,Tanganyika,BDI,COD,UB,DA,0,TRUE,100+km,UB,DA,UB,DA,True,False,False,False,,,,,,
AF026,Tanganyika,BDI,TZA,UB,DA,1,TRUE,100+km,UB,DA,UB,DA,True,False,False,False,0.2908,0.2908,,,,
AF026,Tanganyika,COD,TZA,UB,DA,0,FALSE,100+km,UB,DA,UB,DA,True,False,False,False,0.2908,0.0,,,,
AF027,Aquífero da Dolomite Pré-cambriana do baixo Congo / Aquifère dolomitique précambrien,AGO,COD,UB,UB,0,FALSE,100+km,UB,UB,UB,UB,True,False,False,False,,,,,,
AF027,Aquífero da Dolomite Pré-cambriana do baixo Congo / Aquifère dolomitique précambrien,COD,COG,IU1,IU1,0,FALSE,0-10km,IU1,IU1,IU1,IU1,True,False,False,False,,,,,,
AF029,Cuvette,COD,COG,UB,DA,0,TRUE,100+km,UB,DA,UB,DA,False,False,False,False,,,,,,
AF031,Coastal Sedimentary Basin / Karoo Sedimetary Aquifer,KEN,TZA,UB,UB,0,FALSE,10-100km,UB,UB,UB,UB,False,False,False,False,0.0,0.0,,,,
AF032,Kilimanjaro Aquifer,KEN,TZA,UB,DA,0,FALSE,10-100km,UB,DA,UB,DA,False,False,False,False,0.0634,0.0634,,,,
AF033,Aquifère du Bassin de l?Ogooué,COG,GAB,IU1,IU1,0,TRUE,10-100km,IU1,IU1,IU1,IU1,False,False,False,False,,,,,,
AF034,Aquifère des plateaux,COG,GAB,IU1,IU1,0,TRUE,0-10km,IU1,IU1,IU1,IU1,False,False,False,False,,,,,,
AF036,Kagera Aquifer,BDI,RWA,IU1,IU1,0,TRUE,0-10km,IU1,IU1,IU1,IU1,True,False,False,False,0.0,0.0,,,,
AF036,Kagera Aquifer,RWA,TZA,UB,DA,1,TRUE,10-100km,UB,DA,UB,DA,True,False,False,False,0.0,0.0,,,,
AF036,Kagera Aquifer,RWA,UGA,UB,DA,0,TRUE,100+km,UB,DA,UB,DA,True,False,False,False,0.0,0.0,,,,
AF036,Kagera Aquifer,TZA,UGA,UB,DA,0,TRUE,10-100km,UB,DA,UB,DA,True,False,False,False,0.0,0.0,,,,
AF038,Merti Aquifer,KEN,SOM,UB,UB,0,FALSE,100+km,UB,UB,UB,UB,False,False,False,False,,,,,,
AF039,Mount Elgon Aquifer,KEN,UGA,UB,BL,0,TRUE,10-100km,UB,BL,UB,BL,False,False,False,False,,,,,,
AF040,Aquifère nord-ouest Sangha,COG,GAB,IU0,IU0,0,TRUE,10-100km,IU0,IU0,IU0,IU0,False,False,False,False,,,,,,
AF042,Rio del Rey,CMR,NGA,UB,UB,0,FALSE,10-100km,IU1,IU1,IU1,IU1,False,False,True,True,,,B,1,,"stage 3 (IU1->UB): audit class B, tier 1 -- settlement above the urban-cluster floor, yet the urban layer reads zero across the whole polygon; target re-derived from the rule on the corrected frame; evidence on the CMR side"
AF043,Dawa,ETH,KEN,UB,BL,0,TRUE,10-100km,UB,BL,UB,BL,True,False,False,False,1.0,1.0,,,,
AF043,Dawa,ETH,SOM,UB,BL,0,TRUE,10-100km,UB,BL,UB,BL,True,False,False,False,1.0,0.0435,,,,
AF043,Dawa,KEN,SOM,UB,BL,0,TRUE,10-100km,UB,BL,UB,BL,True,False,False,False,1.0,0.0391,,,,
AF044,Jubba,ETH,SOM,UB,UB,0,TRUE,10-100km,UB,UB,UB,UB,False,False,False,False,,,,,,
AF045,Shebelle / Shabelle,ETH,SOM,UB,DA,0,FALSE,10-100km,UB,DA,UB,DA,False,False,False,False,,,,,,
AF046,Sudd Basin,ETH,SDN,IU1,IU1,0,FALSE,100+km,IU1,IU1,IU1,IU1,True,False,False,False,,,,,,
AF046,Sudd Basin,ETH,SSD,UB,DA,0,TRUE,100+km,UB,DA,UB,DA,True,False,False,False,,,,,,
AF046,Sudd Basin,KEN,SSD,IU1,IU1,0,FALSE,10-100km,IU1,IU1,IU1,IU1,True,False,False,False,,,,,,
AF046,Sudd Basin,SDN,SSD,IU1,IU1,0,FALSE,10-100km,IU1,IU1,IU1,IU1,True,False,False,False,,,,,,
AF047,Bassin sédimentaire côtier / Tano Basin,CIV,GHA,UB,UB,0,TRUE,10-100km,UB,UB,UB,UB,False,False,False,False,,,,,,
AF048,"Keta Basin, Coastal Sedimentary Basin / Bassin de Keta, Bassin Sédimentaire Côtier",BEN,NGA,UB,DA,0,FALSE,100+km,UB,DA,UB,DA,True,False,False,False,0.0669,0.0172,,,,
AF048,"Keta Basin, Coastal Sedimentary Basin / Bassin de Keta, Bassin Sédimentaire Côtier",BEN,TGO,UB,DA,0,TRUE,10-100km,UB,DA,UB,DA,True,False,False,False,0.3615,0.3615,,,,
AF048,"Keta Basin, Coastal Sedimentary Basin / Bassin de Keta, Bassin Sédimentaire Côtier",GHA,TGO,UB,DA,0,FALSE,10-100km,UB,DA,UB,DA,True,False,False,False,0.3615,0.0,,,,
AF051,Benue River sedimentary basin / Bassin sédimentaire de la Benoué,CMR,NGA,UB,BL,1,TRUE,10-100km,UB,BL,UB,BL,False,False,False,False,0.0,0.0,,,,
AF052,Lake Chad sedimentary basin / Bassin sédimentaire du Lac Tchad,CAF,CMR,UB,DA,1,TRUE,100+km,UB,BL,UB,DA,True,True,False,True,0.728,0.0,,,stage 2 (UB->UB): near-zone share 0.728 -> 0.000,
AF052,Lake Chad sedimentary basin / Bassin sédimentaire du Lac Tchad,CAF,SDN,UB,UB,0,FALSE,100+km,UB,BL,UB,UB,True,True,False,True,,,,,stage 2 (UB->UB): zone areas re-measured against this dyad's own border,
AF052,Lake Chad sedimentary basin / Bassin sédimentaire du Lac Tchad,CAF,TCD,UB,BL,1,TRUE,100+km,UB,BL,UB,BL,True,False,False,False,0.0476,0.0,,,,
AF052,Lake Chad sedimentary basin / Bassin sédimentaire du Lac Tchad,CMR,NGA,DA,DA,2,TRUE,100+km,UB,DA,UB,DA,True,False,True,True,0.728,0.0,C,1,,"stage 3 (UB->DA): audit class C, tier 1 -- groundwater irrigation absent from the whole polygon, contradicted by external sources; evidence on the CMR side"
AF052,Lake Chad sedimentary basin / Bassin sédimentaire du Lac Tchad,CMR,TCD,DA,DA,2,TRUE,100+km,UB,DA,UB,DA,True,False,True,True,0.728,0.7331,C,1,,"stage 3 (UB->DA): audit class C, tier 1 -- groundwater irrigation absent from the whole polygon, contradicted by external sources; evidence on the CMR side"
AF052,Lake Chad sedimentary basin / Bassin sédimentaire du Lac Tchad,DZA,NER,IU1,IU1,0,FALSE,100+km,UB,UB,IU1,IU1,True,True,False,True,0.6873,0.0,,,stage 2 (UB->IU1): all groundwater-irrigated cropland in the 100 km band belonged to another country's border; near-zone share 0.687 -> 0.000,
AF052,Lake Chad sedimentary basin / Bassin sédimentaire du Lac Tchad,NER,NGA,DA,DA,2,TRUE,100+km,DA,DA,DA,DA,True,False,False,False,0.6873,0.6873,,,,
AF052,Lake Chad sedimentary basin / Bassin sédimentaire du Lac Tchad,NER,TCD,UB,UB,2,FALSE,100+km,DA,DA,UB,UB,True,True,False,True,0.6873,0.0,,,stage 2 (DA->UB): all groundwater-irrigated cropland in the 100 km band belonged to another country's border; near-zone share 0.687 -> 0.000,
AF052,Lake Chad sedimentary basin / Bassin sédimentaire du Lac Tchad,NGA,TCD,UB,DA,2,FALSE,100+km,DA,DA,UB,DA,True,True,False,True,0.0476,0.0,,,stage 2 (DA->UB): the side with less irrigation loses its 100 km-band cropland once the band is measured to this dyad's border; near-zone share 0.048 -> 0.000,
AF052,Lake Chad sedimentary basin / Bassin sédimentaire du Lac Tchad,SDN,TCD,DA,DA,0,FALSE,100+km,UB,DA,UB,DA,True,False,True,True,0.0476,0.0,C,1,,"stage 3 (UB->DA): audit class C, tier 1 -- groundwater irrigation absent from the whole polygon, contradicted by external sources; evidence on the SDN side"
AF053,Baggara Basin,CAF,SDN,UB,UB,0,FALSE,10-100km,UB,UB,UB,UB,True,False,False,False,0.0,0.0,,,,
AF053,Baggara Basin,SDN,SSD,UB,UB,0,FALSE,100+km,UB,UB,UB,UB,True,False,False,False,0.0,0.0,,,,
AF054,Volta Basin,BEN,BFA,UB,BL,0,TRUE,10-100km,UB,BL,UB,BL,True,False,False,False,0.0,0.0,,,,
AF054,Volta Basin,BEN,NER,IU0,IU0,0,TRUE,10-100km,IU1,IU1,IU0,IU0,True,True,False,True,0.0,0.0,,,stage 2 (IU1->IU0): the urban land in the 100 km band lay along a different border,
AF054,Volta Basin,BEN,TGO,UB,DA,2,TRUE,100+km,UB,DA,UB,DA,True,False,False,False,0.0192,0.0165,,,,
AF054,Volta Basin,BFA,NER,IU1,IU1,0,FALSE,10-100km,IU1,IU1,IU1,IU1,True,False,False,False,,,,,,
AF054,Volta Basin,BFA,TGO,UB,BL,0,TRUE,100+km,UB,BL,UB,BL,True,False,False,False,0.0192,0.0,,,,
AF054,Volta Basin,GHA,TGO,DA,DA,2,TRUE,10-100km,UB,DA,UB,DA,True,False,True,True,0.0192,0.0028,C,1,,"stage 3 (UB->DA): audit class C, tier 1 -- groundwater irrigation absent from the whole polygon, contradicted by external sources; evidence on the TGO side"
AF056,Système Aquifère des Iullemmeden / Iullemmeden Aquifer System,BEN,BFA,UB,BL,3,TRUE,10-100km,UB,BL,UB,BL,True,False,False,False,0.6558,0.0,,,,
AF056,Système Aquifère des Iullemmeden / Iullemmeden Aquifer System,BEN,NER,DA,DA,3,TRUE,100+km,DA,DA,DA,DA,True,False,False,False,0.6558,0.6419,,,,
AF056,Système Aquifère des Iullemmeden / Iullemmeden Aquifer System,BEN,NGA,DA,DA,3,TRUE,100+km,DA,DA,DA,DA,True,False,False,False,0.6558,0.0082,,,,
AF056,Système Aquifère des Iullemmeden / Iullemmeden Aquifer System,BFA,NER,UB,UB,3,FALSE,100+km,UB,BL,UB,UB,True,True,False,True,0.1346,0.0,,,stage 2 (UB->UB): near-zone share 0.135 -> 0.000,
AF056,Système Aquifère des Iullemmeden / Iullemmeden Aquifer System,DZA,MLI,IU0,IU0,3,FALSE,100+km,IU1,IU1,IU0,IU0,True,True,False,True,0.0,0.0,,,stage 2 (IU1->IU0): the urban land in the 100 km band lay along a different border,
AF056,Système Aquifère des Iullemmeden / Iullemmeden Aquifer System,DZA,NER,IU1,IU1,3,FALSE,100+km,IU1,IU1,IU0,IU0,True,True,True,False,0.1346,0.0,B,1,stage 2 (IU1->IU0): all groundwater-irrigated cropland in the 100 km band belonged to another country's border; the urban land in the 100 km band lay along a different border; near-zone share 0.135 -> 0.000,"stage 3 (IU0->IU1): audit class B, tier 1 -- settlement above the urban-cluster floor, yet the urban layer reads zero across the whole polygon; target re-derived from the rule on the corrected frame (stage-1 target was UB); future target re-inferred UB -> IU1; evidence on the DZA side"
AF056,Système Aquifère des Iullemmeden / Iullemmeden Aquifer System,MLI,NER,UB,DA,3,FALSE,100+km,UB,DA,UB,DA,True,False,False,False,0.1346,0.0,,,,
AF056,Système Aquifère des Iullemmeden / Iullemmeden Aquifer System,NER,NGA,DA,DA,3,TRUE,100+km,DA,DA,DA,DA,True,False,False,False,0.1346,0.1291,,,,
AF058,Senegalo-Mauritanian Aquifer Basin (SMAB) / Bassin Aquifère Sénégalo-Mauritanien / Bacia Aquífera Senegalo-Mauritana (BASM),ESH,MRT,UB,UB,0,FALSE,10-100km,UB,UB,UB,UB,True,False,False,False,1.0,0.0,,,,
AF058,Senegalo-Mauritanian Aquifer Basin (SMAB) / Bassin Aquifère Sénégalo-Mauritanien / Bacia Aquífera Senegalo-Mauritana (BASM),GMB,SEN,DA,DA,0,FALSE,10-100km,UB,DA,UB,DA,True,False,True,True,1.0,0.9997,C,1,,"stage 3 (UB->DA): audit class C, tier 1 -- groundwater irrigation absent from the whole polygon, contradicted by external sources; evidence on the GMB side"
AF058,Senegalo-Mauritanian Aquifer Basin (SMAB) / Bassin Aquifère Sénégalo-Mauritanien / Bacia Aquífera Senegalo-Mauritana (BASM),GNB,SEN,DA,DA,0,FALSE,10-100km,DA,DA,DA,DA,True,False,False,False,0.6496,0.001,,,,
AF058,Senegalo-Mauritanian Aquifer Basin (SMAB) / Bassin Aquifère Sénégalo-Mauritanien / Bacia Aquífera Senegalo-Mauritana (BASM),MRT,SEN,BL,BL,0,TRUE,100+km,BL,BL,BL,BL,True,False,False,False,1.0,1.0,,,,
AF059,Afar Rift Valley / Afar Triangle Aquifer,DJI,ERI,IU0,IU0,0,FALSE,10-100km,IU0,IU0,IU0,IU0,True,False,False,False,,,,,,
AF059,Afar Rift Valley / Afar Triangle Aquifer,DJI,ETH,UB,UB,0,FALSE,10-100km,IU1,IU1,IU1,IU1,True,False,True,True,,,B,1,,"stage 3 (IU1->UB): audit class B, tier 1 -- settlement above the urban-cluster floor, yet the urban layer reads zero across the whole polygon; target re-derived from the rule on the corrected frame; evidence on the DJI side"
AF059,Afar Rift Valley / Afar Triangle Aquifer,ERI,ETH,IU1,IU1,0,FALSE,10-100km,IU1,IU1,IU1,IU1,True,False,False,False,,,,,,
AF061,Gedarif-Adigrat,ETH,SDN,UB,DA,0,TRUE,100+km,UB,DA,UB,DA,False,False,False,False,0.0,0.0,,,,
AF062,Disa,SDN,TCD,UB,BL,0,FALSE,10-100km,UB,BL,UB,BL,False,False,False,False,,,,,,
AF063,Nubian Sandstone Aquifer System,EGY,LBY,DA,DA,3,FALSE,100+km,UB,UB,UB,UB,True,False,True,True,0.0,0.0,D,2,,"stage 3 (UB->DA): audit class D, tier 2 -- irrigation present on the polygon but recorded outside the 100 km band; target re-derived from the rule on the corrected frame; evidence on the LBY side"
AF063,Nubian Sandstone Aquifer System,EGY,SDN,IU1,UB,3,FALSE,100+km,UB,UB,IU1,UB,True,True,False,True,0.0,0.0,,,stage 2 (UB->IU1): all groundwater-irrigated cropland in the 100 km band belonged to another country's border,
AF063,Nubian Sandstone Aquifer System,LBY,SDN,IU1,IU1,3,FALSE,100+km,UB,UB,IU1,IU1,True,True,False,True,0.0,0.0,,,stage 2 (UB->IU1): zone areas re-measured against this dyad's own border,
AF063,Nubian Sandstone Aquifer System,LBY,TCD,IU0,IU0,3,FALSE,100+km,IU1,IU1,IU0,IU0,True,True,False,True,0.0,0.0,,,stage 2 (IU1->IU0): the urban land in the 100 km band lay along a different border,
AF063,Nubian Sandstone Aquifer System,SDN,TCD,IU1,IU1,3,FALSE,100+km,IU1,IU1,IU1,IU1,True,False,False,False,0.0,0.0,,,,
AF064,Taoudeni-Tanezrouft Aquifer System / Système Aquifère de Taoudéni-Tanezrouft,BFA,MLI,DA,DA,3,TRUE,100+km,DA,DA,DA,DA,True,False,False,False,0.0016,0.0016,,,,
AF064,Taoudeni-Tanezrouft Aquifer System / Système Aquifère de Taoudéni-Tanezrouft,DZA,MLI,IU1,IU1,3,FALSE,100+km,UB,UB,IU1,IU1,True,True,False,True,0.0,0.0,,,stage 2 (UB->IU1): all groundwater-irrigated cropland in the 100 km band belonged to another country's border,
AF064,Taoudeni-Tanezrouft Aquifer System / Système Aquifère de Taoudéni-Tanezrouft,MLI,MRT,UB,UB,3,FALSE,100+km,UB,UB,UB,UB,True,False,False,False,0.0,0.0,,,,
AF067,Système Aquifère de Mourzouk - Djado / Murzuk-Djado Aquifer System,DZA,LBY,DA,DA,0,FALSE,100+km,UB,UB,UB,UB,True,False,True,True,0.0002,0.0002,C,1,,"stage 3 (UB->DA): audit class C, tier 1 -- groundwater irrigation absent from the whole polygon, contradicted by external sources; evidence on the DZA side"
AF067,Système Aquifère de Mourzouk - Djado / Murzuk-Djado Aquifer System,DZA,NER,IU0,IU0,0,FALSE,100+km,IU1,IU1,IU0,IU0,True,True,False,True,,,,,stage 2 (IU1->IU0): the urban land in the 100 km band lay along a different border,
AF067,Système Aquifère de Mourzouk - Djado / Murzuk-Djado Aquifer System,LBY,NER,IU0,IU0,0,FALSE,100+km,IU1,IU1,IU0,IU0,True,True,False,True,0.0002,0.0,,,stage 2 (IU1->IU0): all groundwater-irrigated cropland in the 100 km band belonged to another country's border; the urban land in the 100 km band lay along a different border; near-zone share 0.000 -> 0.000,
AF067,Système Aquifère de Mourzouk - Djado / Murzuk-Djado Aquifer System,LBY,TCD,IU0,IU0,0,FALSE,100+km,IU1,IU1,IU0,IU0,True,True,False,True,0.0002,0.0,,,stage 2 (IU1->IU0): all groundwater-irrigated cropland in the 100 km band belonged to another country's border; the urban land in the 100 km band lay along a different border; near-zone share 0.000 -> 0.000,
AF067,Système Aquifère de Mourzouk - Djado / Murzuk-Djado Aquifer System,NER,TCD,IU0,IU0,0,FALSE,100+km,IU0,IU0,IU0,IU0,True,False,False,False,,,,,,
AF068,Système Aquifère de Tindouf,DZA,ESH,IU1,IU1,0,FALSE,100+km,UB,UB,IU1,IU1,True,True,False,True,,,,,stage 2 (UB->IU1): zone areas re-measured against this dyad's own border,
AF068,Système Aquifère de Tindouf,DZA,MAR,UB,UB,0,FALSE,100+km,UB,UB,UB,UB,True,False,False,False,0.0,0.0,,,,
AF068,Système Aquifère de Tindouf,DZA,MRT,IU1,IU1,0,FALSE,100+km,IU1,IU1,IU1,IU1,True,False,False,False,,,,,,
AF068,Système Aquifère de Tindouf,ESH,MAR,IU0,IU0,0,FALSE,100+km,UB,UB,IU0,IU0,True,True,False,True,0.0,0.0,,,stage 2 (UB->IU0): all groundwater-irrigated cropland in the 100 km band belonged to another country's border; the urban land in the 100 km band lay along a different border,
AF068,Système Aquifère de Tindouf,ESH,MRT,IU1,IU1,0,FALSE,10-100km,IU1,IU1,IU1,IU1,True,False,False,False,,,,,,
AF069,North-Western Sahara Aquifer System / Système Aquifère du Sahara Septentrional,DZA,LBY,IU1,IU1,3,FALSE,100+km,DA,DA,IU1,IU1,True,True,False,True,0.0148,0.0,,,stage 2 (DA->IU1): all groundwater-irrigated cropland in the 100 km band belonged to another country's border; near-zone share 0.015 -> 0.000,
AF069,North-Western Sahara Aquifer System / Système Aquifère du Sahara Septentrional,DZA,TUN,DA,DA,3,FALSE,100+km,DA,DA,DA,DA,True,False,False,False,0.0148,0.0145,,,,
AF069,North-Western Sahara Aquifer System / Système Aquifère du Sahara Septentrional,LBY,TUN,IU1,IU1,3,FALSE,100+km,DA,DA,IU1,IU1,True,True,False,True,0.0,0.0,,,stage 2 (DA->IU1): all groundwater-irrigated cropland in the 100 km band belonged to another country's border,
AF070,Système Aquifère d'Errachidia,DZA,MAR,UB,UB,0,FALSE,10-100km,UB,UB,UB,UB,False,False,False,False,0.0,0.0,,,,
AF072,Rift Aquifer,KEN,TZA,UB,DA,0,FALSE,10-100km,UB,DA,UB,DA,False,False,False,False,0.0,0.0,,,,
AF074; AF078,Nappe de la Plaine des Angad et de Maghnia; Nappe profonde de Jbel-Hamra,DZA,MAR,DA,DA,0,FALSE,10-100km,BL,DA,BL,DA,False,False,True,True,1.0,1.0,E,1,,"stage 3 (BL->DA): audit class E, tier 1 -- interior cropland understated, so the near-zone share is overstated; evidence on the MAR side"
AF076,Chott Tigri-Lahouita,DZA,MAR,IU0,IU0,0,FALSE,0-10km,IU0,IU0,IU0,IU0,False,False,False,False,,,,,,
AF077,Figuig Oasis,DZA,MAR,UB,UB,0,FALSE,0-10km,IU1,IU1,IU1,IU1,False,False,True,True,1.0,1.0,B,2,,"stage 3 (IU1->UB): audit class B, tier 2 -- settlement above the urban-cluster floor, yet the urban layer reads zero across the whole polygon; target re-derived from the rule on the corrected frame; evidence on the DZA side"
AF079,Coastal Aquifer System of the Jeffara Plain / Système Aquifère Côtier de la Plaine de la Djeffara,LBY,TUN,DA,DA,0,FALSE,100+km,DA,DA,DA,DA,False,False,False,False,0.0,0.0,,,,
AF081,Aquífero sedimentar costeiro do Rio Congo / Aquifère Côtier,AGO,COD,UB,UB,0,TRUE,10-100km,UB,UB,UB,UB,True,False,False,False,,,,,,
AF081,Aquífero sedimentar costeiro do Rio Congo / Aquifère Côtier,AGO,COG,UB,UB,0,FALSE,100+km,UB,UB,UB,UB,True,False,False,False,,,,,,
AF081,Aquífero sedimentar costeiro do Rio Congo / Aquifère Côtier,COG,GAB,IU0,IU0,0,FALSE,10-100km,IU1,IU1,IU0,IU0,True,True,False,True,,,,,stage 2 (IU1->IU0): the urban land in the 100 km band lay along a different border,
AF082,Aquifère du Bassin de la Nyanga,COG,GAB,IU1,IU1,0,TRUE,10-100km,IU1,IU1,IU1,IU1,False,False,False,False,,,,,,
AF083,Aquifère du Rift / Rift Aquifer,BDI,RWA,IU1,IU1,0,FALSE,0-10km,IU1,IU1,IU1,IU1,True,False,False,False,,,,,,
AF083,Aquifère du Rift / Rift Aquifer,COD,RWA,UB,DA,0,TRUE,10-100km,UB,DA,UB,DA,True,False,False,False,,,,,,
AF083,Aquifère du Rift / Rift Aquifer,COD,UGA,UB,DA,0,TRUE,100+km,UB,DA,UB,DA,True,False,False,False,,,,,,
AF083,Aquifère du Rift / Rift Aquifer,RWA,UGA,UB,DA,0,FALSE,100+km,UB,DA,UB,DA,True,False,False,False,,,,,,
AF090,Colluvium and residual soils,MOZ,MWI,UB,UB,0,FALSE,0-10km,UB,UB,UB,UB,False,False,False,False,,,,,,
AF094,River alluvium,MOZ,MWI,UB,UB,0,FALSE,0-10km,UB,UB,UB,UB,False,False,False,False,0.0,0.0,,,,
AF095,Ruo River,MOZ,MWI,UB,UB,0,TRUE,10-100km,UB,UB,UB,UB,False,False,False,False,1.0,1.0,,,,
AF102,Mwanza gritty conglomerates,MOZ,MWI,IU1,IU1,0,FALSE,0-10km,IU1,IU1,IU1,IU1,False,False,False,False,,,,,,
AF103,Basalt lava flow,MOZ,MWI,UB,UB,0,FALSE,10-100km,UB,UB,UB,UB,False,False,False,False,,,,,,
AF104,Mwanza grits and shales,MOZ,MWI,IU0,IU0,0,FALSE,0-10km,IU0,IU0,IU0,IU0,False,False,False,False,,,,,,
AF105,Upper sandstones (grits and sandstones),MOZ,MWI,IU0,IU0,0,FALSE,0-10km,IU0,IU0,IU0,IU0,False,False,False,False,,,,,,
AF106,Lower sandstones,MOZ,MWI,IU1,IU1,0,FALSE,10-100km,IU1,IU1,IU1,IU1,False,False,False,False,,,,,,
AF107,Mwanza grits and shales,MOZ,MWI,IU0,IU0,0,FALSE,0-10km,IU0,IU0,IU0,IU0,False,False,False,False,,,,,,
AF108,Mwanza grits and shales,MOZ,MWI,IU0,IU0,0,FALSE,0-10km,IU0,IU0,IU0,IU0,False,False,False,False,,,,,,
AF109,Basalt lava flow,MOZ,MWI,IU0,IU0,0,FALSE,0-10km,IU0,IU0,IU0,IU0,False,False,False,False,,,,,,
AF121,Colluvium and residual soils,MWI,TZA,UB,UB,0,FALSE,10-100km,UB,UB,UB,UB,False,False,False,False,,,,,,
AF122,Mwanza grits and shales,MWI,TZA,IU1,IU1,0,TRUE,0-10km,IU1,IU1,IU1,IU1,False,False,False,False,1.0,1.0,,,,
AF123,River alluvium,MWI,TZA,UB,UB,0,TRUE,10-100km,UB,UB,UB,UB,False,False,False,False,1.0,1.0,,,,
AF124,Shire alluvial aquifer,MOZ,MWI,UB,UB,0,TRUE,10-100km,UB,UB,UB,UB,False,False,False,False,0.0,0.0,,,,
AF125,Bulal Basalt,ETH,KEN,IU0,IU1,0,FALSE,0-10km,IU0,IU1,IU0,IU1,False,False,False,False,,,,,,
AF126,Kasserine Aquifer System,DZA,TUN,IU1,IU1,0,FALSE,0-10km,IU1,IU1,IU1,IU1,False,False,False,False,0.0,0.0,,,,
AS001,Western Mountain Aquifer,EGY,ISR,DA,DA,0,FALSE,100+km,DA,DA,DA,DA,True,False,False,False,0.7571,0.7449,,,,
AS001,Western Mountain Aquifer,EGY,PSE,DA,DA,0,FALSE,100+km,BL,DA,DA,DA,True,True,False,True,1.0,0.7581,,,stage 2 (BL->DA): near-zone share 1.000 -> 0.758,
AS001,Western Mountain Aquifer,ISR,PSE,BL,DA,0,FALSE,10-100km,BL,DA,BL,DA,True,False,False,False,1.0,1.0,,,,
AS002,Coastal Aquifer Basin,EGY,ISR,DA,DA,0,FALSE,100+km,DA,DA,DA,DA,True,False,False,False,0.6771,0.5472,,,,
AS002,Coastal Aquifer Basin,EGY,PSE,DA,DA,0,FALSE,100+km,BL,BL,DA,DA,True,True,False,True,1.0,0.7081,E,1,stage 2 (BL->DA): near-zone share 1.000 -> 0.708,"stage 3: audit correction (class E, tier 1) withdrawn -- stage 2 independently reaches DA, so the correction is corroborated rather than applied"
AS002,Coastal Aquifer Basin,ISR,PSE,BL,BL,0,FALSE,10-100km,BL,BL,BL,BL,True,False,False,False,1.0,1.0,,,,
AS003,Northeastern Mountain Aquifer,ISR,PSE,DA,DA,0,TRUE,10-100km,DA,DA,DA,DA,False,False,False,False,0.9618,0.9618,,,,
AS004,Anti-Lebanon Mountain range,LBN,SYR,BL,DA,0,TRUE,10-100km,BL,DA,BL,DA,False,False,False,False,0.9911,0.9911,,,,
AS008,Psou Aquifer,GEO,RUS,UB,UB,0,FALSE,0-10km,IU1,IU1,IU1,IU1,False,False,True,True,,,B,2,,"stage 3 (IU1->UB): audit class B, tier 2 -- settlement above the urban-cluster floor, yet the urban layer reads zero across the whole polygon; target re-derived from the rule on the corrected frame; evidence on the GEO side"
AS010,Upper Jezira,IRQ,SYR,DA,DA,0,TRUE,10-100km,DA,BL,DA,DA,True,True,False,True,0.9899,0.9899,,,stage 2 (DA->DA): zone areas re-measured against this dyad's own border,
AS010,Upper Jezira,IRQ,TUR,DA,DA,0,TRUE,10-100km,BL,BL,DA,DA,True,True,False,True,0.9964,0.1814,,,stage 2 (BL->DA): near-zone share 0.996 -> 0.181,
AS010,Upper Jezira,SYR,TUR,DA,DA,0,TRUE,10-100km,BL,DA,DA,DA,True,True,False,True,0.9964,0.9839,,,stage 2 (BL->DA): near-zone share 0.996 -> 0.984,
AS011,Syrt,KAZ,RUS,UB,DA,0,TRUE,100+km,UB,DA,UB,DA,False,False,False,False,0.0017,0.0017,,,,
AS012,Leninak-Shiraks Aquifer,ARM,TUR,DA,DA,0,TRUE,10-100km,DA,DA,DA,DA,False,False,False,False,0.99,0.99,,,,
AS013,Terek Aquifer,GEO,RUS,IU0,IU0,0,FALSE,0-10km,IU0,IU0,IU0,IU0,False,False,False,False,,,,,,
AS015,Debed / Debeda River Aquifer,ARM,AZE,IU1,BL,0,FALSE,0-10km,IU1,BL,IU1,BL,True,False,False,False,1.0,1.0,,,,
AS015,Debed / Debeda River Aquifer,ARM,GEO,BL,BL,0,TRUE,0-10km,BL,BL,BL,BL,True,False,False,False,1.0,1.0,,,,
AS015,Debed / Debeda River Aquifer,AZE,GEO,IU1,BL,0,FALSE,0-10km,IU1,BL,IU1,BL,True,False,False,False,1.0,1.0,,,,
AS016,Ktsia-Khrami Aquifer,AZE,GEO,IU1,BL,0,FALSE,0-10km,IU1,BL,IU1,BL,False,False,False,False,,,,,,
AS017,Agstev / Akstafa - Tavush / Tovuz Aquifer,ARM,AZE,DA,DA,0,FALSE,10-100km,DA,DA,DA,DA,False,False,False,False,0.9496,0.9496,,,,
AS018,Alazan-Agrichay Aquifer,AZE,GEO,UB,DA,0,FALSE,10-100km,UB,DA,UB,DA,False,False,False,False,0.067,0.067,,,,
AS019,Pre-Caspian,KAZ,RUS,UB,DA,0,TRUE,100+km,UB,DA,UB,DA,False,False,False,False,0.0171,0.0171,,,,
AS020,Sulak Aquifer,GEO,RUS,IU0,IU0,0,FALSE,0-10km,IU0,IU0,IU0,IU0,False,False,False,False,,,,,,
AS021,Nakhichevan / Larijan and Djebrail Aquifer,AZE,IRN,DA,DA,0,TRUE,10-100km,DA,DA,DA,DA,False,False,False,False,0.8551,0.8551,,,,
AS022,"Herher, Malishkin and Jermuk Aquifers",ARM,AZE,IU0,IU0,0,FALSE,0-10km,IU0,IU0,IU0,IU0,False,False,False,False,,,,,,
AS023,Vorotan-Akora Aquifer,ARM,AZE,IU1,BL,0,FALSE,0-10km,IU1,BL,IU1,BL,False,False,False,False,1.0,1.0,,,,
AS025,Iori / Gabirry Aquifer,AZE,RUS,IU0,IU0,0,FALSE,0-10km,IU0,IU0,IU0,IU0,False,False,False,False,,,,,,
AS026,Lenkoran/Astara,AZE,IRN,DA,DA,0,FALSE,10-100km,DA,DA,DA,DA,False,False,False,False,0.7322,0.7322,,,,
AS027,Samur Aquifer,AZE,RUS,BL,DA,0,TRUE,10-100km,BL,DA,BL,DA,False,False,False,False,1.0,1.0,,,,
AS031,South-Pred-Ural Aquifer,KAZ,RUS,UB,DA,0,FALSE,100+km,UB,DA,UB,DA,False,False,False,False,,,,,,
AS035,Amu Darya (2),KAZ,TKM,IU0,IU0,0,FALSE,100+km,IU1,IU1,IU0,IU0,True,True,False,True,,,,,stage 2 (IU1->IU0): the urban land in the 100 km band lay along a different border,
AS035,Amu Darya (2),KAZ,UZB,IU1,IU1,0,FALSE,100+km,IU1,IU1,IU1,IU1,True,False,False,False,,,,,,
AS035,Amu Darya (2),TKM,UZB,IU0,IU0,0,FALSE,100+km,IU0,IU0,IU0,IU0,True,False,False,False,,,,,,
AS036,Syr Darya,KAZ,UZB,IU1,IU1,0,FALSE,100+km,IU1,IU1,IU1,IU1,False,False,False,False,0.0,0.0,,,,
AS037,Birata-Urgench,TKM,UZB,DA,DA,0,TRUE,10-100km,DA,DA,DA,DA,False,False,False,False,0.6326,0.6326,,,,
AS040,Sherabad,TKM,UZB,IU1,IU1,0,FALSE,0-10km,IU1,IU1,IU1,IU1,False,False,False,False,0.204,0.204,,,,
AS041,Amu Darya (1),AFG,UZB,UB,BL,0,TRUE,0-10km,UB,BL,UB,BL,False,False,False,False,1.0,1.0,,,,
AS042,Kofarnihon Aquifer,TJK,UZB,IU0,BL,0,TRUE,0-10km,IU0,BL,IU0,BL,False,False,False,False,,,,,,
AS043,Karatag / North-Surhandarya Aquifer,TJK,UZB,DA,DA,0,FALSE,10-100km,DA,DA,DA,DA,False,False,False,False,0.4431,0.4431,,,,
AS044,Zeravshan Aquifer,TJK,UZB,DA,DA,0,FALSE,10-100km,DA,DA,DA,DA,False,False,False,False,0.1475,0.1475,,,,
AS046,Havost,TJK,UZB,BL,BL,0,FALSE,0-10km,BL,BL,BL,BL,False,False,False,False,1.0,1.0,,,,
AS047,Pretashkent Aquifer,KAZ,UZB,DA,DA,0,TRUE,10-100km,DA,DA,DA,DA,False,False,False,False,0.7558,0.7558,,,,
AS048,Zafarobod Aquifer,TJK,UZB,BL,BL,0,FALSE,0-10km,BL,BL,BL,BL,False,False,False,False,1.0,1.0,,,,
AS049,Syr-Darya 3,TJK,UZB,BL,BL,0,TRUE,0-10km,BL,BL,BL,BL,False,False,False,False,1.0,1.0,,,,
AS050,Kokaral,TJK,UZB,BL,BL,0,FALSE,0-10km,BL,BL,BL,BL,False,False,False,False,1.0,1.0,,,,
AS051,Dalverzin Aquifer,TJK,UZB,DA,DA,0,TRUE,10-100km,DA,DA,DA,DA,False,False,False,False,0.9823,0.9823,,,,
AS053,Sulyukta-Batken-Nau-Isfara Aquifer,KGZ,TJK,BL,BL,0,FALSE,0-10km,BL,BL,BL,BL,True,False,False,False,1.0,1.0,,,,
AS053,Sulyukta-Batken-Nau-Isfara Aquifer,TJK,UZB,DA,DA,0,TRUE,10-100km,DA,DA,DA,DA,True,False,False,False,0.7975,0.4249,,,,
AS054,South Talas Aquifer,KAZ,KGZ,BL,BL,0,FALSE,0-10km,BL,BL,BL,BL,False,False,False,False,1.0,1.0,,,,
AS055,North Talas Aquifer,KAZ,KGZ,BL,DA,0,FALSE,10-100km,BL,DA,BL,DA,False,False,False,False,0.99,0.99,,,,
AS057,Shorsu Aquifer,TJK,UZB,IU1,IU1,0,FALSE,0-10km,IU1,IU1,IU1,IU1,False,False,False,False,1.0,1.0,,,,
AS058,Sokh Aquifer,KGZ,UZB,UB,BL,0,FALSE,0-10km,UB,BL,UB,BL,False,False,False,False,1.0,1.0,,,,
AS059,Syr-Darya 2,TJK,UZB,IU1,IU1,0,TRUE,0-10km,IU1,IU1,IU1,IU1,False,False,False,False,1.0,1.0,,,,
AS060,Almos-Vorzik Aquifer,KGZ,UZB,IU1,IU1,0,FALSE,0-10km,IU1,IU1,IU1,IU1,False,False,False,False,1.0,1.0,,,,
AS061,Kasansay Aquifer,KGZ,UZB,IU1,IU1,0,FALSE,0-10km,IU1,IU1,IU1,IU1,False,False,False,False,1.0,1.0,,,,
AS062,Nanay,KGZ,UZB,UB,BL,0,FALSE,0-10km,UB,BL,UB,BL,False,False,False,False,1.0,1.0,,,,
AS063,Iskovat-Pishkaran Aquifer,KGZ,UZB,UB,BL,0,FALSE,0-10km,UB,BL,UB,BL,False,False,False,False,1.0,1.0,,,,
AS064,Naryn Aquifer,KGZ,UZB,IU1,BL,0,TRUE,0-10km,IU1,BL,IU1,BL,False,False,False,False,1.0,1.0,,,,
AS065,Yarmazar,KGZ,UZB,UB,BL,0,FALSE,0-10km,UB,BL,UB,BL,False,False,False,False,1.0,1.0,,,,
AS066,Chimion-Aval,KGZ,UZB,UB,BL,0,FALSE,0-10km,UB,BL,UB,BL,False,False,False,False,1.0,1.0,,,,
AS068,Karaungur,KGZ,UZB,UB,BL,0,TRUE,0-10km,UB,BL,UB,BL,False,False,False,False,1.0,1.0,,,,
AS069,Osh-Aravan Aquifer,KGZ,UZB,BL,BL,0,TRUE,0-10km,BL,BL,BL,BL,False,False,False,False,1.0,1.0,,,,
AS070,Vakhsh Aquifer,AFG,TJK,IU1,IU1,0,TRUE,0-10km,IU1,IU1,IU1,IU1,False,False,False,False,1.0,1.0,,,,
AS071,Chu Basin,KAZ,KGZ,DA,DA,0,TRUE,10-100km,DA,DA,DA,DA,False,False,False,False,0.4707,0.4707,,,,
AS072,Ile River Valley,CHN,KAZ,DA,DA,0,TRUE,100+km,DA,DA,DA,DA,False,False,False,False,0.063,0.063,,,,
AS074,Tacheng Basin / Alakol,CHN,KAZ,DA,DA,0,FALSE,10-100km,DA,DA,DA,DA,False,False,False,False,0.0638,0.0638,,,,
AS076,Zaisan Artesian Basin / Ertix River Plain,CHN,KAZ,DA,DA,0,FALSE,100+km,DA,DA,DA,DA,False,False,False,False,0.0741,0.0741,,,,
AS077,Yenisei Upstream,MNG,RUS,UB,DA,0,TRUE,100+km,UB,DA,UB,DA,False,False,False,False,0.0,0.0,,,,
AS081,Nu River Valley Aquifer,CHN,MMR,UB,UB,0,TRUE,10-100km,UB,UB,UB,UB,False,False,False,False,0.7359,0.7359,,,,
AS082,Salween River Aquifer,MMR,THA,DA,DA,0,TRUE,10-100km,DA,DA,DA,DA,False,False,False,False,0.4092,0.4092,,,,
AS083,Upriver of Zuo River,CHN,VNM,UB,UB,0,TRUE,10-100km,UB,UB,UB,UB,False,False,False,False,0.3146,0.3146,,,,
AS086,Upper Yalu River Basin,CHN,PRK,DA,DA,0,TRUE,10-100km,DA,DA,DA,DA,False,False,False,False,0.7017,0.7017,,,,
AS087,Middle Heilongjiang - Amur River Basin,CHN,RUS,DA,DA,0,TRUE,100+km,DA,DA,DA,DA,False,False,False,False,0.8805,0.8805,,,,
AS088,Merauke - Ketu Basin Aquifer,IDN,PNG,UB,UB,0,TRUE,100+km,UB,UB,UB,UB,False,False,False,False,,,,,,
AS089,Cambodia Mekong River Delta Aquifer,KHM,VNM,DA,DA,0,TRUE,100+km,BL,DA,BL,DA,False,False,True,True,1.0,1.0,E,1,,"stage 3 (BL->DA): audit class E, tier 1 -- interior cropland understated, so the near-zone share is overstated; evidence on the KHM side"
AS090,Khorat Plateau Aquifer,LAO,THA,UB,DA,0,TRUE,10-100km,UB,DA,UB,DA,False,False,False,False,0.195,0.195,,,,
AS091,Lower Mekong River 2 Aquifer,LAO,THA,DA,DA,0,TRUE,10-100km,DA,DA,DA,DA,True,False,False,False,0.872,0.8687,,,,
AS091,Lower Mekong River 2 Aquifer,LAO,VNM,UB,UB,0,TRUE,10-100km,UB,UB,UB,UB,True,False,False,False,0.872,0.0,,,,
AS092,Hong River Basin,CHN,VNM,UB,UB,0,TRUE,10-100km,UB,UB,UB,UB,False,False,False,False,0.098,0.098,,,,
AS093,Downstream of Lancang River,CHN,MMR,DA,DA,0,TRUE,10-100km,DA,DA,DA,DA,False,False,False,False,0.0112,0.0112,,,,
AS094,Bulgan River,CHN,MNG,IU0,IU0,0,FALSE,10-100km,IU0,IU0,IU0,IU0,False,False,False,False,0.0,0.0,,,,
AS095,Uvs Lake Aquifer,MNG,RUS,IU1,IU1,0,FALSE,10-100km,IU1,IU1,IU1,IU1,False,False,False,False,0.0,0.0,,,,
AS096,Shishhid River Aquifer,MNG,RUS,IU0,IU0,0,TRUE,10-100km,IU0,IU0,IU0,IU0,False,False,False,False,,,,,,
AS097,Delger River,MNG,RUS,IU0,IU0,0,FALSE,10-100km,IU0,IU0,IU0,IU0,False,False,False,False,,,,,,
AS098,Zelter Basin,MNG,RUS,IU1,BL,0,FALSE,0-10km,IU1,BL,IU1,BL,False,False,False,False,0.0,0.0,,,,
AS100,Minj River Basin,MNG,RUS,IU0,IU0,0,FALSE,10-100km,IU0,IU0,IU0,IU0,False,False,False,False,,,,,,
AS101,Balj River Basin,MNG,RUS,IU0,IU1,0,FALSE,10-100km,IU0,IU1,IU0,IU1,False,False,False,False,,,,,,
AS102,Onon River Basin,MNG,RUS,IU0,IU1,0,FALSE,10-100km,IU0,IU1,IU0,IU1,False,False,False,False,,,,,,
AS103,Ulz River Basin,MNG,RUS,IU1,IU1,0,FALSE,10-100km,IU1,IU1,IU1,IU1,False,False,False,False,,,,,,
AS104,Erguna River,CHN,RUS,IU1,IU1,0,TRUE,10-100km,IU1,IU1,IU1,IU1,False,False,False,False,,,,,,
AS105,Zeya River Basin,CHN,RUS,BL,DA,0,TRUE,10-100km,BL,DA,BL,DA,False,False,False,False,1.0,1.0,,,,
AS106,Kherlen River Basin,CHN,MNG,UB,UB,0,TRUE,10-100km,UB,UB,UB,UB,False,False,False,False,,,,,,
AS108,Buir Lake / Khalkha River Aquifer,CHN,MNG,IU0,IU0,0,TRUE,10-100km,IU0,IU0,IU0,IU0,False,False,False,False,,,,,,
AS109,Zamyn-Üüd Basin,CHN,MNG,UB,UB,0,FALSE,10-100km,UB,UB,UB,UB,False,False,False,False,,,,,,
AS110,Onch Khairkhani Sair Aquifer,CHN,MNG,IU0,IU0,0,FALSE,10-100km,IU0,IU0,IU0,IU0,False,False,False,False,,,,,,
AS111,Dankhan Khudgiin Sair Aquifer,CHN,MNG,IU0,IU0,0,FALSE,10-100km,IU0,IU0,IU0,IU0,False,False,False,False,,,,,,
AS113,Kabul River Aquifer,AFG,PAK,DA,DA,0,TRUE,10-100km,DA,DA,DA,DA,False,False,False,False,0.0038,0.0038,,,,
AS114,Lower Yalu River Basin,CHN,PRK,DA,DA,0,TRUE,10-100km,DA,DA,DA,DA,False,False,False,False,0.5759,0.5759,,,,
AS115,Middle of Korea Peninsula,KOR,PRK,DA,DA,0,TRUE,10-100km,DA,DA,DA,DA,False,False,False,False,0.0429,0.0429,,,,
AS118,Lower Mekong River 1 Aquifer,LAO,MMR,UB,DA,0,TRUE,10-100km,UB,BL,UB,DA,True,True,False,True,0.9975,0.997,,,stage 2 (UB->UB): near-zone share 0.998 -> 0.997,
AS118,Lower Mekong River 1 Aquifer,LAO,THA,UB,BL,0,TRUE,10-100km,UB,BL,UB,BL,True,False,False,False,0.9975,0.9975,,,,
AS118,Lower Mekong River 1 Aquifer,MMR,THA,DA,BL,0,TRUE,10-100km,DA,BL,DA,BL,True,False,False,False,0.9552,0.9552,,,,
AS119,Karst Aquifer of Upper Hong River and Zuojiang Valley,CHN,VNM,UB,DA,0,TRUE,10-100km,UB,DA,UB,DA,False,False,False,False,0.2498,0.2498,,,,
AS120,Beilun River Basin,CHN,VNM,UB,UB,0,TRUE,10-100km,UB,UB,UB,UB,False,False,False,False,0.2438,0.2438,,,,
AS122,Kura River Valley Aquifer,AZE,GEO,UB,DA,0,FALSE,10-100km,UB,DA,UB,DA,False,False,False,False,0.0061,0.0061,,,,
AS123,Taurus-Zagros Mountain range,IRN,IRQ,DA,DA,0,TRUE,100+km,DA,DA,DA,DA,True,False,False,False,0.3686,0.3477,,,,
AS123,Taurus-Zagros Mountain range,IRN,TUR,DA,DA,0,FALSE,100+km,DA,DA,DA,DA,True,False,False,False,0.3686,0.0049,,,,
AS123,Taurus-Zagros Mountain range,IRQ,SYR,DA,DA,0,TRUE,10-100km,DA,DA,DA,DA,True,False,False,False,0.7931,0.3611,,,,
AS123,Taurus-Zagros Mountain range,IRQ,TUR,DA,DA,0,TRUE,100+km,DA,DA,DA,DA,True,False,False,False,0.1218,0.0376,,,,
AS123,Taurus-Zagros Mountain range,SYR,TUR,DA,DA,0,TRUE,10-100km,DA,DA,DA,DA,True,False,False,False,0.7931,0.5766,,,,
AS124,Jezira Tertiary Limestone Aquifer System,IRQ,SYR,DA,DA,0,FALSE,10-100km,DA,DA,DA,DA,True,False,False,False,0.5966,0.5966,,,,
AS124,Jezira Tertiary Limestone Aquifer System,SYR,TUR,DA,DA,0,TRUE,100+km,DA,DA,DA,DA,True,False,False,False,0.205,0.2008,,,,
AS125,Neogene Aquifer System (North-West): Upper and Lower Fars,IRQ,SYR,DA,DA,0,FALSE,10-100km,DA,DA,DA,DA,False,False,False,False,0.2148,0.2148,,,,
AS126,Saq-Ram Aquifer System (West) / Disi,JOR,SAU,DA,DA,3,FALSE,10-100km,DA,DA,DA,DA,False,False,False,False,0.066,0.066,,,,
AS127,Wasia-Biyadh-Aruma Aquifer System (North): Sakaka-Rutba,IRQ,SAU,IU1,IU1,0,FALSE,100+km,IU1,IU1,IU1,IU1,False,False,False,False,0.0,0.0,,,,
AS128,Neogene Aquifer System (South-East): Dibdibba-Kuwait Group,IRQ,KWT,DA,DA,0,FALSE,100+km,UB,DA,UB,DA,True,False,True,True,0.6234,0.2844,C,1,,"stage 3 (UB->DA): audit class C, tier 1 -- groundwater irrigation absent from the whole polygon, contradicted by external sources; evidence on the IRQ side"
AS128,Neogene Aquifer System (South-East): Dibdibba-Kuwait Group,IRQ,SAU,IU1,IU1,0,FALSE,100+km,UB,DA,IU1,IU1,True,True,False,True,0.1548,0.0,,,stage 2 (UB->IU1): all groundwater-irrigated cropland in the 100 km band belonged to another country's border; near-zone share 0.155 -> 0.000,
AS128,Neogene Aquifer System (South-East): Dibdibba-Kuwait Group,KWT,SAU,DA,DA,0,FALSE,100+km,DA,DA,DA,DA,True,False,False,False,0.6234,0.3657,,,,
AS129,Tawil Quaternary Aquifer System: Wadi Sirhan Basin,JOR,SAU,IU1,IU1,0,FALSE,10-100km,IU1,IU1,IU1,IU1,False,False,False,False,0.0012,0.0012,,,,
AS130,Umm er Radhuma-Dammam Aquifer System (North): Widyan-Salman,IRQ,KWT,UB,DA,0,FALSE,100+km,UB,DA,UB,DA,True,False,False,False,0.6234,0.2844,,,,
AS130,Umm er Radhuma-Dammam Aquifer System (North): Widyan-Salman,IRQ,SAU,UB,UB,0,FALSE,100+km,UB,DA,IU1,IU1,True,True,True,True,0.0,0.0,D,1,stage 2 (UB->IU1): all groundwater-irrigated cropland in the 100 km band belonged to another country's border,"stage 3 (IU1->UB): audit class D, tier 1 -- irrigation present on the polygon but recorded outside the 100 km band; target re-derived from the rule on the corrected frame (stage-1 target was DA); future target re-inferred DA -> UB; evidence on the IRQ side"
AS130,Umm er Radhuma-Dammam Aquifer System (North): Widyan-Salman,KWT,SAU,DA,DA,0,FALSE,100+km,DA,DA,DA,DA,True,False,False,False,0.6234,0.3657,,,,
AS131,Wajid Aquifer System,SAU,YEM,IU1,IU1,0,FALSE,100+km,IU1,IU1,IU1,IU1,False,False,False,False,0.0,0.0,,,,
AS132,Sarakhas Aquifer,IRN,TKM,BL,BL,0,TRUE,0-10km,BL,BL,BL,BL,False,False,False,False,1.0,1.0,,,,
AS138,Tes River Basin,MNG,RUS,IU1,IU1,0,FALSE,10-100km,IU1,IU1,IU1,IU1,False,False,False,False,0.0,0.0,,,,
AS139,Wasia-Biyadh-Aruma Aquifer System (South): Tawila-Mahra/Cretaceous Sands,SAU,YEM,IU1,IU1,0,FALSE,100+km,IU1,IU1,IU1,IU1,False,False,False,False,0.0,0.0,,,,
AS140,Umm er Radhuma-Dammam Aquifer System (Centre): Gulf,ARE,SAU,IU1,IU1,0,FALSE,10-100km,BL,BL,IU1,IU1,True,True,False,True,1.0,0.9995,,,stage 2 (BL->IU1): the side with less irrigation loses its 100 km-band cropland once the band is measured to this dyad's border; near-zone share 1.000 -> 1.000,
AS140,Umm er Radhuma-Dammam Aquifer System (Centre): Gulf,QAT,SAU,UB,UB,0,FALSE,100+km,DA,DA,UB,UB,True,True,False,True,0.0,0.0,,,stage 2 (DA->UB): the side with less irrigation loses its 100 km-band cropland once the band is measured to this dyad's border,
AS141,Umm er Radhuma-Dammam Aquifer System (South): Rub' al Khali,ARE,OMN,DA,DA,0,FALSE,100+km,DA,DA,DA,DA,True,False,False,False,0.4025,0.3958,,,,
AS141,Umm er Radhuma-Dammam Aquifer System (South): Rub' al Khali,ARE,SAU,IU1,IU1,0,FALSE,100+km,IU1,IU1,IU1,IU1,True,False,False,False,0.4025,0.0012,,,,
AS141,Umm er Radhuma-Dammam Aquifer System (South): Rub' al Khali,OMN,SAU,IU1,IU1,0,FALSE,100+km,IU1,IU1,IU1,IU1,True,False,False,False,0.0405,0.0,,,,
AS141,Umm er Radhuma-Dammam Aquifer System (South): Rub' al Khali,OMN,YEM,IU0,IU0,0,FALSE,100+km,IU1,IU1,IU0,IU0,True,True,False,True,0.0405,0.0,,,stage 2 (IU1->IU0): all groundwater-irrigated cropland in the 100 km band belonged to another country's border; the urban land in the 100 km band lay along a different border; near-zone share 0.041 -> 0.000,
AS141,Umm er Radhuma-Dammam Aquifer System (South): Rub' al Khali,SAU,YEM,IU0,IU0,0,FALSE,100+km,IU0,IU0,IU0,IU0,True,False,False,False,0.0,0.0,,,,
AS142,Basalt Aquifer System (West): Yarmouk Basin,JOR,SYR,BL,DA,0,TRUE,10-100km,BL,DA,BL,DA,False,False,False,False,0.993,0.993,,,,
AS143,Basalt Aquifer System (South): Azraq-Dhuleil Basin,JOR,SYR,BL,BL,0,FALSE,10-100km,BL,BL,BL,BL,False,False,False,False,1.0,1.0,,,,
AS150,Irtysh-Obsky,KAZ,RUS,DA,DA,0,TRUE,100+km,DA,DA,DA,DA,False,False,False,False,0.0749,0.0749,,,,
AS151,Limbang Aquifer,BRN,MYS,UB,UB,0,TRUE,10-100km,UB,UB,UB,UB,False,False,False,False,,,,,,
AS152,Golok Aquifer,MYS,THA,UB,UB,0,TRUE,10-100km,UB,UB,UB,UB,False,False,False,False,1.0,1.0,,,,
AS153,Baram Aquifer,BRN,MYS,IU1,IU1,0,FALSE,10-100km,IU1,IU1,IU1,IU1,True,False,False,False,,,,,,
AS153,Baram Aquifer,IDN,MYS,IU0,IU0,0,FALSE,10-100km,IU1,IU1,IU0,IU0,True,True,False,True,,,,,stage 2 (IU1->IU0): the urban land in the 100 km band lay along a different border,
AS154,Palah Basin Aquifer,IDN,MYS,UB,UB,0,FALSE,10-100km,UB,UB,UB,UB,False,False,False,False,0.0,0.0,,,,
AS155,Jayapura Basin Aquifer,IDN,PNG,UB,UB,0,FALSE,100+km,UB,UB,UB,UB,False,False,False,False,,,,,,
AS156,Besikama Basin Aquifer,IDN,TLS,UB,DA,0,TRUE,10-100km,UB,DA,UB,DA,False,False,False,False,0.9941,0.9941,,,,
AS157,Eocene Aquifer,ISR,LBN,IU1,BL,0,FALSE,0-10km,IU1,BL,IU1,BL,False,False,False,False,1.0,1.0,,,,
AS158,Indo-Gangetic Basin alluvial aquifer system,BGD,IND,DA,DA,0,TRUE,100+km,DA,DA,DA,DA,True,False,False,False,0.1758,0.172,,,,
AS158,Indo-Gangetic Basin alluvial aquifer system,IND,NPL,DA,DA,0,TRUE,10-100km,DA,DA,DA,DA,True,False,False,False,0.6007,0.5771,,,,
AS158,Indo-Gangetic Basin alluvial aquifer system,IND,PAK,DA,DA,0,TRUE,100+km,DA,DA,DA,DA,True,False,False,False,0.0555,0.0558,,,,
AS159,Eastern Mountain Aquifer,ISR,PSE,UB,BL,0,FALSE,0-10km,UB,BL,UB,BL,False,False,False,False,0.8445,0.8445,,,,
AS160,Sinai?Negev Basin,EGY,ISR,UB,UB,0,FALSE,10-100km,UB,UB,UB,UB,False,False,False,False,1.0,1.0,,,,
AS161,Arava Valley / Wadi Araba Alluvial Aquifer,ISR,JOR,BL,BL,0,FALSE,10-100km,IU1,BL,IU1,BL,False,False,True,True,1.0,1.0,C,1,,"stage 3 (IU1->BL): audit class C, tier 1 -- groundwater irrigation absent from the whole polygon, contradicted by external sources; evidence on the JOR side"
C001,Soconusco-Suchiate / Coatán,GTM,MEX,UB,BL,0,TRUE,10-100km,UB,BL,UB,BL,False,False,False,False,1.0,1.0,,,,
C002,Chicomuselo-Cuilco / Selegua,GTM,MEX,UB,DA,0,FALSE,10-100km,UB,DA,UB,DA,False,False,False,False,0.0348,0.0348,,,,
C003,Ocosingo-Usumacinta-Pocóm-Ixcán,GTM,MEX,UB,UB,0,TRUE,10-100km,UB,UB,UB,UB,False,False,False,False,,,,,,
C004,Márquez de Comillas-Chixoy / Xaclbal,GTM,MEX,UB,UB,0,TRUE,10-100km,UB,UB,UB,UB,False,False,False,False,0.0,0.0,,,,
C005,Boca del Cerro-San Pedro,GTM,MEX,UB,UB,0,TRUE,10-100km,UB,UB,UB,UB,False,False,False,False,0.0,0.0,,,,
C006,Trinitaria-Nentón,GTM,MEX,UB,DA,0,FALSE,10-100km,UB,DA,UB,DA,False,False,False,False,0.2364,0.2364,,,,
C007,Península de Yucatán-Candelaria-Hondo,BLZ,GTM,IU1,IU1,0,FALSE,10-100km,IU1,IU1,IU1,IU1,True,False,False,False,1.0,0.0,,,,
C007,Península de Yucatán-Candelaria-Hondo,BLZ,MEX,BL,BL,0,TRUE,10-100km,BL,BL,BL,BL,True,False,False,False,1.0,1.0,,,,
C007,Península de Yucatán-Candelaria-Hondo,GTM,MEX,IU1,IU1,0,FALSE,10-100km,IU1,IU1,IU1,IU1,True,False,False,False,0.3533,0.0,,,,
C008,Mopán-Belice,BLZ,GTM,UB,UB,0,FALSE,10-100km,UB,UB,UB,UB,False,False,False,False,,,,,,
C009,Pusila-Moho,BLZ,GTM,UB,UB,0,FALSE,10-100km,IU0,IU0,IU0,IU0,False,False,True,True,,,B,1,,"stage 3 (IU0->UB): audit class B, tier 1 -- settlement above the urban-cluster floor, yet the urban layer reads zero across the whole polygon; target re-derived from the rule on the corrected frame; evidence on the BLZ/GTM side"
C010,Sarstún,BLZ,GTM,IU1,IU1,0,FALSE,0-10km,IU1,IU1,IU1,IU1,False,False,False,False,,,,,,
C011,Temash,BLZ,GTM,IU0,IU0,0,FALSE,10-100km,IU0,IU0,IU0,IU0,False,False,False,False,,,,,,
C012,Delta del Río Motagua,GTM,HND,IU1,IU1,0,TRUE,0-10km,IU1,IU1,IU1,IU1,False,False,False,False,0.0048,0.0048,,,,
C013,Chiquimula - Copán Ruinas,GTM,HND,UB,UB,0,FALSE,0-10km,UB,UB,UB,UB,False,False,False,False,0.0,0.0,,,,
C014,Ocotepeque-Citala,HND,SLV,IU1,IU1,0,FALSE,0-10km,IU1,IU1,IU1,IU1,False,False,False,False,,,,,,
C015,Ostua-Metapán,GTM,SLV,UB,DA,0,TRUE,10-100km,UB,DA,UB,DA,False,False,False,False,0.7305,0.7305,,,,
C016,Río Paz,GTM,SLV,UB,DA,0,FALSE,10-100km,UB,DA,UB,DA,False,False,False,False,0.9843,0.9843,,,,
C017,Estero Real-Río Negro,HND,NIC,DA,DA,0,FALSE,10-100km,DA,DA,DA,DA,False,False,False,False,0.0872,0.0872,,,,
C018,Sixaola / Salinas Aquifer,CRI,PAN,UB,UB,0,TRUE,0-10km,UB,UB,UB,UB,False,False,False,False,,,,,,
CB001,Plaine du Nord?Massacre,DOM,HTI,BL,BL,0,FALSE,10-100km,BL,BL,BL,BL,False,False,False,False,1.0,1.0,,,,
CB002,Artibonito,DOM,HTI,DA,DA,0,TRUE,10-100km,DA,DA,DA,DA,False,False,False,False,0.1461,0.1461,,,,
CB003,Los Lagos,DOM,HTI,UB,BL,0,FALSE,0-10km,UB,BL,UB,BL,False,False,False,False,0.0896,0.0896,,,,
CB004,Pedernales,DOM,HTI,UB,UB,0,FALSE,0-10km,IU1,IU1,IU1,IU1,False,False,True,True,1.0,1.0,B,2,,"stage 3 (IU1->UB): audit class B, tier 2 -- settlement above the urban-cluster floor, yet the urban layer reads zero across the whole polygon; target re-derived from the rule on the corrected frame; evidence on the HTI side"
EB010 - EB012,Cerknica / Kupa Aquifer; Ko?evje Goteni?ka Gora Aquifer; Radovica-Metlika / Zumberak Aquifer,HRV,SVN,IU1,IU1,0,TRUE,10-100km,IU1,IU1,IU1,IU1,False,False,False,False,,,,,,
EB013,Ormo?-Sredi??e ob Drava / Drava-Vara?din Aquifer,HRV,SVN,IU1,BL,0,TRUE,0-10km,IU1,BL,IU1,BL,False,False,False,False,1.0,1.0,,,,
EB014 - EB015,Bregana-Obre?je / Sava-Samobor,HRV,SVN,UB,UB,0,FALSE,0-10km,UB,UB,UB,UB,False,False,False,False,,,,,,
EB016 - EB021,"Bizeljsko / Sutla Aquifer (Bo?, Roga?ka, Atomske Toplice, Bohor, Orlica Aquifers)",HRV,SVN,IU1,IU1,0,FALSE,0-10km,IU1,IU1,IU1,IU1,False,False,False,False,,,,,,
EB022,Dolinsko-Ravensko / Mura Aquifer,HRV,SVN,IU1,BL,0,TRUE,0-10km,IU1,BL,IU1,BL,False,False,False,False,1.0,1.0,,,,
EB023,Kupa Aquifer,BIH,HRV,UB,UB,0,FALSE,10-100km,IU1,IU1,IU1,IU1,False,False,True,True,,,B,1,,"stage 3 (IU1->UB): audit class B, tier 1 -- settlement above the urban-cluster floor, yet the urban layer reads zero across the whole polygon; target re-derived from the rule on the corrected frame; evidence on the HRV side"
EB024,Una,BIH,HRV,IU1,BL,0,TRUE,0-10km,IU1,BL,IU1,BL,False,False,False,False,,,,,,
EB025,Krka,BIH,HRV,IU1,BL,0,FALSE,10-100km,IU1,BL,IU1,BL,False,False,False,False,,,,,,
EB026,Cetina,BIH,HRV,UB,DA,0,FALSE,10-100km,UB,DA,UB,DA,False,False,False,False,0.0,0.0,,,,
EB027,Neretva,BIH,HRV,UB,BL,2,FALSE,0-10km,UB,BL,UB,BL,False,False,False,False,1.0,1.0,,,,
EB028,Trebi?njica,BIH,HRV,UB,BL,0,FALSE,0-10km,UB,BL,UB,BL,False,False,False,False,1.0,1.0,,,,
EB029,Dinaric Littoral (West Coast aquifer),HRV,MNE,IU1,UB,0,FALSE,0-10km,IU1,UB,IU1,UB,False,False,False,False,1.0,1.0,,,,
EB030,Bile?ko Lake,BIH,MNE,IU1,DA,0,FALSE,10-100km,IU1,DA,IU1,DA,False,False,False,False,1.0,1.0,,,,
EB031,Posavina I / Sava Aquifer,BIH,HRV,UB,BL,0,TRUE,0-10km,UB,BL,UB,BL,False,False,False,False,,,,,,
EB032,Srem-West Srem / Sava Aquifer,HRV,SRB,UB,DA,0,TRUE,10-100km,UB,DA,UB,DA,False,False,False,False,1.0,1.0,,,,
EB033,South Western Backa / Dunav Aquifer,HRV,SRB,UB,BL,0,TRUE,0-10km,UB,BL,UB,BL,False,False,False,False,,,,,,
EB034,Mura Aquifer,HRV,HUN,IU0,BL,0,TRUE,0-10km,IU0,BL,IU0,BL,False,False,False,False,,,,,,
EB035,Drava / Drava West Aquifer,HRV,HUN,UB,BL,0,TRUE,0-10km,UB,BL,UB,BL,False,False,False,False,1.0,1.0,,,,
EB036,Northeast Backa / Danube -Tisza Interfluve or Backa / Danube-Tisza Interfluve Aquifer,HRV,HUN,IU0,BL,0,FALSE,0-10km,IU0,BL,IU0,BL,False,False,False,False,1.0,1.0,,,,
EB040,Mures / Maros alluvial fan aquifer,HUN,ROU,DA,DA,0,TRUE,10-100km,DA,DA,DA,DA,False,False,False,False,0.1763,0.1763,,,,
EB041,"Körös Valley, Sárrét, Shallow Cri?uri aquifer",HUN,ROU,DA,DA,0,TRUE,10-100km,DA,DA,DA,DA,False,False,False,False,0.0541,0.0541,,,,
EB042 - EB043,"Körös ? Cri?uri holocene, pleistocene transboundary aquifer (Hortobágy-Nagykunság Bihar Northern Part)",HUN,ROU,IU1,BL,0,FALSE,0-10km,IU1,BL,IU1,BL,False,False,False,False,0.0,0.0,,,,
EB044,"Skadar / Shkoder Lake, Dinaric East Coast Aquifer",ALB,MNE,DA,DA,0,TRUE,10-100km,DA,DA,DA,DA,False,False,False,False,0.7275,0.7275,,,,
EB046,"Nyírség, keleti rész / Nyírség, east margin aquifer",HUN,ROU,BL,DA,0,FALSE,10-100km,BL,DA,BL,DA,False,False,False,False,1.0,1.0,,,,
EB047,Somes / Szamos alluvial fan aquifer,HUN,ROU,DA,DA,0,FALSE,10-100km,DA,DA,DA,DA,False,False,False,False,0.8685,0.8685,,,,
EB049,Tara Massif,BIH,SRB,UB,UB,0,TRUE,0-10km,UB,UB,UB,UB,False,False,False,False,,,,,,
EB050,Lim Aquifer,MNE,SRB,UB,UB,0,TRUE,0-10km,UB,UB,UB,UB,False,False,False,False,,,,,,
EB051,Pe?ter Aquifer,MNE,SRB,IU1,IU1,0,FALSE,10-100km,IU0,IU1,IU0,IU1,False,False,True,True,,,B,2,,"stage 3 (IU0->IU1): audit class B, tier 2 -- settlement above the urban-cluster floor, yet the urban layer reads zero across the whole polygon; evidence on the MNE/SRB side"
EB052,Metohija Aquifer,MNE,SRB,IU0,IU0,0,FALSE,0-10km,IU0,IU0,IU0,IU0,True,False,False,False,,,,,,
EB052,Metohija Aquifer,MNE,XKX,IU1,IU1,0,FALSE,0-10km,IU0,IU0,IU0,IU0,True,False,True,True,,,B,1,,"stage 3 (IU0->IU1): audit class B, tier 1 -- settlement above the urban-cluster floor, yet the urban layer reads zero across the whole polygon; evidence on the MNE/XKX side"
EB052,Metohija Aquifer,SRB,XKX,IU0,IU0,0,FALSE,0-10km,IU0,IU0,IU0,IU0,True,False,False,False,,,,,,
EB053,Beli Drim / Drini i Bardhë Aquifer,ALB,XKX,UB,DA,0,FALSE,10-100km,UB,DA,UB,DA,False,False,False,False,0.2342,0.2342,,,,
EB054,Tetovo-Gostivar,MKD,XKX,UB,BL,0,FALSE,0-10km,UB,BL,UB,BL,False,False,False,False,0.0,0.0,,,,
EB055,Korab / Bistra - Stogovo Aquifer,ALB,MKD,IU0,IU0,0,FALSE,0-10km,IU0,IU0,IU0,IU0,False,False,False,False,1.0,1.0,,,,
EB056,Jablanica / Golobordo Aquifer,ALB,MKD,IU1,UB,0,FALSE,10-100km,IU1,UB,IU1,UB,False,False,False,False,0.0,0.0,,,,
EB057,Prespa and Ohrid Lake Aquifer,ALB,GRC,DA,DA,2,FALSE,10-100km,DA,DA,DA,DA,True,False,False,False,0.4807,0.3648,,,,
EB057,Prespa and Ohrid Lake Aquifer,ALB,MKD,DA,DA,2,FALSE,10-100km,DA,DA,DA,DA,True,False,False,False,0.3806,0.1689,,,,
EB057,Prespa and Ohrid Lake Aquifer,GRC,MKD,DA,DA,2,FALSE,10-100km,DA,DA,DA,DA,True,False,False,False,0.4807,0.1511,,,,
EB059,Mourgana Mountain / Mali I Gjerë Aquifer,ALB,GRC,IU0,IU1,0,TRUE,0-10km,IU0,IU1,IU0,IU1,False,False,False,False,0.9727,0.9727,,,,
EB061,Nemechka / Vjosa-Pogoni Aquifer,ALB,GRC,IU1,IU1,0,FALSE,0-10km,IU1,IU1,IU1,IU1,False,False,False,False,0.6016,0.6016,,,,
EB062,Pelagonia - Florina / Bitolsko Aquifer,GRC,MKD,DA,DA,0,FALSE,10-100km,DA,DA,DA,DA,False,False,False,False,0.9446,0.9446,,,,
EB063,Systima Axiou,GRC,MKD,DA,DA,0,FALSE,10-100km,DA,DA,DA,DA,False,False,False,False,0.44,0.44,,,,
EB064 - EB066,Dojran / Doirani Lake aquifer,GRC,MKD,IU1,BL,0,FALSE,0-10km,IU1,BL,IU1,BL,False,False,False,False,1.0,1.0,,,,
EB067 - EB069,Sandansky-Petrich Aquifer ; Sandansky Valley Aquifer ; Petrich Valley Aquifer,BGR,GRC,UB,DA,0,FALSE,10-100km,IU1,BL,IU1,DA,True,True,True,True,1.0,1.0,B,1,stage 2 (IU1->IU1): zone areas re-measured against this dyad's own border,"stage 3 (IU1->UB): audit class B, tier 1 -- settlement above the urban-cluster floor, yet the urban layer reads zero across the whole polygon; target re-derived from the rule on the corrected frame; future target re-inferred BL -> DA; evidence on the BGR side"
EB067 - EB069,Sandansky-Petrich Aquifer ; Sandansky Valley Aquifer ; Petrich Valley Aquifer,BGR,MKD,UB,DA,0,FALSE,10-100km,IU1,BL,IU1,DA,True,True,True,True,0.993,0.4704,B,2,stage 2 (IU1->IU1): near-zone share 0.993 -> 0.470,"stage 3 (IU1->UB): audit class B, tier 2 -- settlement above the urban-cluster floor, yet the urban layer reads zero across the whole polygon; target re-derived from the rule on the corrected frame; future target re-inferred BL -> DA; evidence on the BGR side"
EB067 - EB069,Sandansky-Petrich Aquifer ; Sandansky Valley Aquifer ; Petrich Valley Aquifer,GRC,MKD,DA,DA,0,FALSE,10-100km,BL,DA,DA,DA,True,True,False,True,1.0,0.6312,,,stage 2 (BL->DA): near-zone share 1.000 -> 0.631,
EB070,The former Yugoslav Republic of Macedonia - Central Serbia,MKD,XKX,DA,DA,0,FALSE,10-100km,DA,DA,DA,DA,False,False,False,False,0.2917,0.2917,,,,
EB071,The former Yugoslav Republic of Macedonia - SW Serbia,MKD,SRB,BL,DA,0,FALSE,10-100km,BL,DA,BL,DA,False,False,False,False,1.0,1.0,,,,
EB072,Zemen,BGR,SRB,IU0,IU1,0,FALSE,10-100km,IU0,IU1,IU0,IU1,False,False,False,False,,,,,,
EB073,Stara Planina / Salasha Montana Aquifer,BGR,SRB,UB,DA,0,FALSE,10-100km,UB,DA,UB,DA,False,False,False,False,0.5612,0.5612,,,,
EB075,Miroc & Golubac,ROU,SRB,IU0,IU0,0,TRUE,0-10km,IU0,IU0,IU0,IU0,False,False,False,False,,,,,,
EB076,Dacian Basin,ROU,SRB,BL,BL,0,TRUE,10-100km,BL,BL,BL,BL,False,False,False,False,1.0,1.0,,,,
EB077,Orvilos-Agistros / Gotze Delchev aquifer,BGR,GRC,IU1,BL,0,FALSE,0-10km,IU0,BL,IU0,BL,False,False,True,True,1.0,1.0,B,1,,"stage 3 (IU0->IU1): audit class B, tier 1 -- settlement above the urban-cluster floor, yet the urban layer reads zero across the whole polygon; evidence on the BGR/GRC side"
EB078,Nastan-Trigrad,BGR,GRC,IU1,IU1,0,FALSE,10-100km,IU0,IU0,IU0,IU0,False,False,True,True,,,B,1,,"stage 3 (IU0->IU1): audit class B, tier 1 -- settlement above the urban-cluster floor, yet the urban layer reads zero across the whole polygon; evidence on the BGR/GRC side"
EB079,Smolyan,BGR,GRC,IU1,UB,0,FALSE,10-100km,IU1,UB,IU1,UB,False,False,False,False,0.0,0.0,,,,
EB080,Rudozem,BGR,GRC,IU1,UB,0,FALSE,0-10km,IU1,UB,IU1,UB,False,False,False,False,,,,,,
EB081,Erma Reka,BGR,GRC,IU0,IU0,0,FALSE,0-10km,IU0,IU0,IU0,IU0,False,False,False,False,1.0,1.0,,,,
EB082,Evros / Meriç,GRC,TUR,BL,DA,0,TRUE,10-100km,BL,DA,BL,DA,False,False,False,False,0.9968,0.9968,,,,
EB083,Orestiadas System,BGR,GRC,IU1,BL,0,TRUE,0-10km,IU1,BL,IU1,BL,True,False,False,False,1.0,1.0,,,,
EB083,Orestiadas System,BGR,TUR,IU1,BL,0,TRUE,0-10km,IU1,BL,IU1,BL,True,False,False,False,1.0,1.0,,,,
EB083,Orestiadas System,GRC,TUR,IU0,DA,0,TRUE,10-100km,IU0,BL,IU0,DA,True,True,False,True,1.0,1.0,,,stage 2 (IU0->IU0): zone areas re-measured against this dyad's own border,
EB085,Topolovgrad Massif Aquifer,BGR,TUR,IU1,DA,0,FALSE,10-100km,IU1,DA,IU1,DA,False,False,False,False,1.0,1.0,,,,
EB086,Malko Tarnovo Karst waterbearing massif,BGR,TUR,IU0,IU1,0,FALSE,10-100km,IU0,IU1,IU0,IU1,False,False,False,False,,,,,,
EB087,Dobrudja / Dobrogea Neogene  Sarmatian aquifer,BGR,ROU,DA,DA,0,FALSE,10-100km,DA,DA,DA,DA,False,False,False,False,0.7565,0.7565,,,,
EB088,Dobrudja / Dobrogea Upper Jurassic - Lower Cretaceous Aquifer,BGR,ROU,DA,DA,0,TRUE,10-100km,DA,DA,DA,DA,False,False,False,False,0.3636,0.3636,,,,
EB089,Danube-Prut,MDA,ROU,UB,DA,0,TRUE,10-100km,UB,DA,UB,DA,True,False,False,False,1.0,1.0,,,,
EB089,Danube-Prut,MDA,UKR,UB,DA,0,TRUE,10-100km,UB,DA,UB,DA,True,False,False,False,1.0,0.0,,,,
EB089,Danube-Prut,ROU,UKR,BL,DA,0,TRUE,10-100km,BL,DA,BL,DA,True,False,False,False,1.0,1.0,,,,
EB090,Middle Sarmantian Pontian Aquifer,MDA,ROU,UB,BL,2,TRUE,0-10km,IU1,BL,IU1,BL,False,False,True,True,1.0,1.0,B,1,,"stage 3 (IU1->UB): audit class B, tier 1 -- settlement above the urban-cluster floor, yet the urban layer reads zero across the whole polygon; target re-derived from the rule on the corrected frame; evidence on the MDA side"
EB091,Prut,MDA,ROU,UB,DA,0,TRUE,10-100km,UB,DA,UB,DA,False,False,False,False,1.0,1.0,,,,
EB092,Piva,BIH,MNE,IU0,IU0,0,FALSE,0-10km,IU0,IU0,IU0,IU0,False,False,False,False,,,,,,
EB093,Cijevna / Cemi Aquifer,ALB,MNE,IU1,BL,0,TRUE,10-100km,IU1,BL,IU1,BL,False,False,False,False,1.0,1.0,,,,
EU001,Low Miño / Minho,ESP,PRT,UB,UB,0,TRUE,0-10km,UB,UB,UB,UB,False,False,False,False,1.0,1.0,,,,
EU008,Ciudad Rodrigo,ESP,PRT,IU1,IU1,0,FALSE,0-10km,IU1,IU1,IU1,IU1,False,False,False,False,0.0217,0.0217,,,,
EU010,Detrital Aquifer of the Guadiana Middle Basin,ESP,PRT,BL,BL,0,TRUE,0-10km,BL,BL,BL,BL,False,False,False,False,1.0,1.0,,,,
EU024,Nappe du Genevois,CHE,FRA,UB,BL,3,FALSE,0-10km,UB,BL,UB,BL,False,False,False,False,,,,,,
EU035,Thermalwasser im Tiefen Malmkarst des südbayerischen und oberösterreichischen Molassebeckens,AUT,DEU,DA,DA,0,TRUE,10-100km,DA,DA,DA,DA,False,False,False,False,0.0,0.0,,,,
EU073,Gori?ko Aquifer; Mura - Zala Basin / Radgona - Va? Aquifer; Kot Aquifer,AUT,HUN,UB,DA,0,TRUE,10-100km,UB,DA,UB,DA,True,False,False,False,0.8969,0.0,,,,
EU073,Gori?ko Aquifer; Mura - Zala Basin / Radgona - Va? Aquifer; Kot Aquifer,AUT,SVN,DA,DA,0,TRUE,10-100km,DA,DA,DA,DA,True,False,False,False,0.8969,0.8969,,,,
EU073,Gori?ko Aquifer; Mura - Zala Basin / Radgona - Va? Aquifer; Kot Aquifer,HRV,HUN,IU1,BL,0,TRUE,10-100km,IU1,BL,IU1,BL,True,False,False,False,,,,,,
EU073,Gori?ko Aquifer; Mura - Zala Basin / Radgona - Va? Aquifer; Kot Aquifer,HRV,SVN,IU1,BL,0,TRUE,0-10km,IU1,BL,IU1,BL,True,False,False,False,0.6336,0.0856,,,,
EU073,Gori?ko Aquifer; Mura - Zala Basin / Radgona - Va? Aquifer; Kot Aquifer,HUN,SVN,UB,DA,0,TRUE,10-100km,UB,DA,UB,DA,True,False,False,False,0.6336,0.352,,,,
EU077,"Szigetköz, Hanság-Rábca / Podunajska Basin, Zitny Ostrov",HUN,SVK,DA,DA,0,TRUE,10-100km,DA,DA,DA,DA,False,False,False,False,0.7628,0.7628,,,,
EU081,Ipoly Völgy / Alúvium Ipla,HUN,SVK,UB,BL,0,TRUE,0-10km,UB,BL,UB,BL,False,False,False,False,1.0,1.0,,,,
EU082,Slovensky Kras / Aggtelek Aquifer,HUN,SVK,IU1,IU1,0,FALSE,10-100km,IU1,IU1,IU1,IU1,False,False,False,False,1.0,1.0,,,,
EU083,Bodrog Aquifer,HUN,SVK,DA,DA,0,TRUE,10-100km,DA,DA,DA,DA,False,False,False,False,0.9595,0.9595,,,,
EU084,Siret,ROU,UKR,UB,DA,0,FALSE,10-100km,UB,DA,UB,DA,False,False,False,False,0.4561,0.4561,,,,
EU085,Dniester,MDA,UKR,UB,DA,0,TRUE,10-100km,UB,DA,UB,DA,False,False,False,False,,,,,,
EU086; EU088 - EU089,Cenomanian Terringeous Aquifer; Upper Proterozoic Terringenous Aquifer; Pripyat,BLR,UKR,UB,DA,0,TRUE,10-100km,UB,DA,UB,DA,False,False,False,False,0.0847,0.0847,,,,
EU087; EU094,Paleogene-Neogene Terringenous Aquifer; Cenomanian Carbonate-Terrigenous Aquifer,BLR,UKR,IU0,IU0,0,TRUE,0-10km,IU0,IU0,IU0,IU0,False,False,False,False,,,,,,
EU095 - EU098,Aquifers in Quaternary Deposits; Oxfordian-Cenomanian Carbonate-Terrigenous Aquifer; Mazursko-Podlaski Aquifer; Upper Cretaceous Aquifer,BLR,LTU,UB,DA,0,TRUE,10-100km,UB,DA,UB,DA,True,False,False,False,0.0,0.0,,,,
EU095 - EU098,Aquifers in Quaternary Deposits; Oxfordian-Cenomanian Carbonate-Terrigenous Aquifer; Mazursko-Podlaski Aquifer; Upper Cretaceous Aquifer,BLR,POL,UB,DA,0,FALSE,10-100km,UB,DA,UB,DA,True,False,False,False,0.0,0.0,,,,
EU095 - EU098,Aquifers in Quaternary Deposits; Oxfordian-Cenomanian Carbonate-Terrigenous Aquifer; Mazursko-Podlaski Aquifer; Upper Cretaceous Aquifer,LTU,POL,UB,DA,0,FALSE,10-100km,UB,DA,UB,DA,True,False,False,False,,,,,,
EU095 - EU098,Aquifers in Quaternary Deposits; Oxfordian-Cenomanian Carbonate-Terrigenous Aquifer; Mazursko-Podlaski Aquifer; Upper Cretaceous Aquifer,LTU,RUS,UB,DA,0,TRUE,10-100km,UB,DA,UB,DA,True,False,False,False,0.5264,0.7245,,,,
EU095 - EU098,Aquifers in Quaternary Deposits; Oxfordian-Cenomanian Carbonate-Terrigenous Aquifer; Mazursko-Podlaski Aquifer; Upper Cretaceous Aquifer,POL,RUS,UB,DA,0,FALSE,10-100km,UB,DA,UB,DA,True,False,False,False,0.5264,0.0,,,,
EU099,Daugava,BLR,LTU,UB,DA,0,FALSE,100+km,UB,DA,UB,DA,True,False,False,False,0.2082,0.0,,,,
EU099,Daugava,BLR,LVA,UB,DA,0,TRUE,100+km,UB,DA,UB,DA,True,False,False,False,0.2082,0.1575,,,,
EU099,Daugava,BLR,RUS,UB,UB,0,FALSE,10-100km,UB,UB,UB,UB,True,False,False,False,0.2082,0.0,,,,
EU099,Daugava,LTU,LVA,UB,DA,0,TRUE,10-100km,UB,DA,UB,DA,True,False,False,False,,,,,,
EU099,Daugava,LVA,RUS,UB,UB,0,FALSE,100+km,UB,UB,UB,UB,True,False,False,False,,,,,,
EU108,Cambrian-Ordovician Aquifer System,EST,RUS,UB,DA,0,TRUE,100+km,UB,DA,UB,DA,False,False,False,False,,,,,,
EU109,Cambrian-Vendian-Voronka Aquifer System,EST,RUS,UB,DA,0,TRUE,100+km,UB,DA,UB,DA,False,False,False,False,,,,,,
EU112,Upper Devonian Terrigenous-Carbonate Aquifer,BLR,RUS,IU0,IU0,0,TRUE,0-10km,IU0,IU0,IU0,IU0,False,False,False,False,1.0,1.0,,,,
EU123,Kanunkankaat Aquifer,FIN,RUS,IU0,IU0,0,FALSE,0-10km,IU0,IU0,IU0,IU0,False,False,False,False,,,,,,
EU282,Upper Pannonian Thermal Aquifer,AUT,HUN,DA,DA,0,TRUE,10-100km,DA,DA,DA,DA,True,False,False,False,0.8889,0.8545,,,,
EU282,Upper Pannonian Thermal Aquifer,AUT,SVK,DA,DA,0,FALSE,100+km,DA,DA,DA,DA,True,False,False,False,0.8889,0.1306,,,,
EU282,Upper Pannonian Thermal Aquifer,AUT,SVN,DA,DA,0,TRUE,10-100km,DA,DA,DA,DA,True,False,False,False,0.8889,0.0226,,,,
EU282,Upper Pannonian Thermal Aquifer,HRV,HUN,IU1,IU1,0,TRUE,10-100km,IU1,IU1,IU1,IU1,True,False,False,False,0.5785,0.0,,,,
EU282,Upper Pannonian Thermal Aquifer,HRV,SVN,IU1,IU1,0,TRUE,0-10km,IU1,IU1,IU1,IU1,True,False,False,False,0.3683,0.0706,,,,
EU282,Upper Pannonian Thermal Aquifer,HUN,SVK,DA,DA,0,TRUE,10-100km,DA,DA,DA,DA,True,False,False,False,0.5785,0.1694,,,,
EU282,Upper Pannonian Thermal Aquifer,HUN,SVN,DA,DA,0,TRUE,10-100km,DA,DA,DA,DA,True,False,False,False,0.5785,0.205,,,,
EU284,Quaternary aquifer system; Upper-Devonian (P?avi?as?Ogre) aquifer system; Upper-Middle-Devonian (Aruküla?Amata) aquifer system; Lower-Middle-Devonian aquifer system,EST,LVA,UB,DA,0,TRUE,10-100km,UB,DA,UB,DA,False,False,False,False,,,,,,
EU301,Quartair en pliomioceenzand van de Schelde / Sables quaternaires et plio-miocènes de l'Escaut,BEL,NLD,BL,BL,0,FALSE,10-100km,BL,BL,BL,BL,False,False,False,False,1.0,1.0,,,,
EU302,Quartair en oligoceenzand in de polders / Sables quaternaires et oligocènes des polders,BEL,NLD,UB,UB,0,FALSE,0-10km,UB,UB,UB,UB,False,False,False,False,1.0,1.0,,,,
EU303,Quartair en oligoceenzand aan de kust / Sables quaternaires et oligocènes de la côte,BEL,NLD,DA,DA,0,FALSE,10-100km,DA,DA,DA,DA,False,False,False,False,0.401,0.401,,,,
EU304,Duinen en polders Oost-Vlaanderen / Dunes et polders de Flandre Orientale,BEL,NLD,UB,UB,0,FALSE,0-10km,UB,UB,UB,UB,False,False,False,False,1.0,1.0,,,,
EU305,Duinen en kustgebieden / Dunes et zones côtières,BEL,NLD,IU1,IU1,0,FALSE,10-100km,IU1,IU1,IU1,IU1,False,False,False,False,0.8452,0.8452,,,,
EU306,Kempens zand / Sables de Campine,BEL,NLD,DA,DA,0,FALSE,10-100km,DA,DA,DA,DA,False,False,False,False,0.8803,0.8803,,,,
EU307,Oligoceenzand / Sables Oligocènes,BEL,NLD,DA,DA,0,FALSE,10-100km,DA,DA,DA,DA,False,False,False,False,0.9182,0.9182,,,,
EU308,Alluviale afzettingen van het Pleistoceen / Dépôts alluviaux du Pléistocène,BEL,NLD,DA,DA,0,FALSE,10-100km,DA,DA,DA,DA,False,False,False,False,0.8801,0.8801,,,,
EU309,Zandlaag van Orchies / Sables d'Orchies,BEL,FRA,BL,BL,0,FALSE,10-100km,BL,BL,BL,BL,False,False,False,False,1.0,1.0,,,,
EU310,Vlaamse zandlaag / Sables des Flandres,BEL,FRA,DA,BL,0,TRUE,10-100km,DA,BL,DA,BL,False,False,False,False,0.2605,0.2605,,,,
EU311,Kolenkalk / Calcaires du Carbonifère,BEL,FRA,BL,BL,0,TRUE,10-100km,BL,BL,BL,BL,False,False,False,False,1.0,1.0,,,,
EU312,Krijtlaag van de Deûle / Craie de la Deûle,BEL,FRA,UB,UB,0,TRUE,0-10km,UB,UB,UB,UB,False,False,False,False,0.3568,0.3568,,,,
EU313,Krijtlaag Valenciennes-Bergen / Craies de Valenciennes-Mons,BEL,FRA,BL,BL,0,FALSE,10-100km,BL,BL,BL,BL,False,False,False,False,1.0,1.0,,,,
EU314,Magnor / Kortlanda-Eda glasbruk,NOR,SWE,IU0,IU0,0,FALSE,0-10km,IU0,IU0,IU0,IU0,False,False,False,False,1.0,1.0,,,,
EU315,Svullrya / Lekvattnet-Rottnemon,NOR,SWE,IU0,IU0,0,FALSE,0-10km,IU0,IU0,IU0,IU0,False,False,False,False,,,,,,
EU317,Petzen / Peca (part of the Karawanken / Karavanke transboundary groundwater body),AUT,SVN,IU0,IU0,0,FALSE,0-10km,IU0,IU0,IU0,IU0,False,False,False,False,,,,,,
EU318,Uschowa / Ol?eva (part of the Karawanken / Karavanke transboundary groundwater body),AUT,SVN,IU0,IU0,0,FALSE,0-10km,IU0,IU0,IU0,IU0,False,False,False,False,,,,,,
EU319,Koschuta / Ko?uta (part of the Karawanken / Karavanke transboundary groundwater body),AUT,SVN,IU0,IU0,0,FALSE,0-10km,IU0,IU0,IU0,IU0,False,False,False,False,,,,,,
EU320,Westliche Karawanken / Kepa (part of the Karawanken / Karavanke transboundary groundwater body),AUT,SVN,IU0,IU0,0,FALSE,0-10km,IU0,IU0,IU0,IU0,False,False,False,False,,,,,,
EU321,Vellacher Kotschna / Bela (part of the Karawanken / Karavanke transboundary groundwater body),AUT,SVN,IU0,IU0,0,FALSE,0-10km,IU0,IU0,IU0,IU0,False,False,False,False,,,,,,
EU322,Sliv Kvarnerskog zaljeva / Obmo?je Kvarnerskega zaliva,HRV,SVN,IU1,IU1,0,FALSE,0-10km,IU1,IU1,IU1,IU1,False,False,False,False,,,,,,
EU323,Sliv Reke / Obmo?je Reke,HRV,SVN,IU0,IU0,0,FALSE,0-10km,IU0,IU0,IU0,IU0,False,False,False,False,,,,,,
EU324,Sliv izvora Rije?ine i Grobni?kog polja / Obmo?je izvira Rije?ine in Grobni?kega polja,HRV,SVN,IU0,IU0,0,FALSE,0-10km,IU0,IU0,IU0,IU0,False,False,False,False,,,,,,
EU325,Sliv Ri?ane / Obmo?je Ri?ane,HRV,SVN,IU0,IU0,0,FALSE,0-10km,IU0,IU0,IU0,IU0,False,False,False,False,,,,,,
EU326,Sliv Dragonje / Obmo?je Dragonje,HRV,SVN,UB,UB,0,FALSE,0-10km,UB,UB,UB,UB,False,False,False,False,1.0,1.0,,,,
EU327,Sliv izvora u gradu Rijeci / Obmo?je izvirov v mestu Reka,HRV,SVN,IU1,IU1,0,FALSE,0-10km,IU1,IU1,IU1,IU1,False,False,False,False,,,,,,
EU329,Sliv izvora Sv. Ivan / Obmo?je izvira Sv. Ivan,HRV,SVN,IU0,IU0,0,FALSE,0-10km,IU0,IU0,IU0,IU0,False,False,False,False,,,,,,
EU332,Sliv izvora Bula? / Obmo?je izvira Bula?,HRV,SVN,IU0,IU1,0,FALSE,0-10km,IU0,IU1,IU0,IU1,False,False,False,False,,,,,,
EU334,Sliv Bra?ane / Obmo?je Bra?ane,HRV,SVN,IU0,IU0,0,FALSE,0-10km,IU0,IU0,IU0,IU0,False,False,False,False,,,,,,
EU336,Aquifère du Rhin Supérieur / Oberrheinaquifer,CHE,DEU,UB,UB,0,TRUE,0-10km,UB,UB,UB,UB,True,False,False,False,0.071,0.0015,,,,
EU336,Aquifère du Rhin Supérieur / Oberrheinaquifer,CHE,FRA,UB,UB,0,TRUE,10-100km,UB,UB,UB,UB,True,False,False,False,0.5286,0.0002,,,,
EU336,Aquifère du Rhin Supérieur / Oberrheinaquifer,DEU,FRA,DA,DA,0,TRUE,10-100km,DA,DA,DA,DA,True,False,False,False,0.5286,0.5328,,,,
EU337,"Quaternary, Lower Neogene and Upper Cretaceous sediments in the transboundary Bug, San and Dniester River Basins",POL,UKR,UB,DA,0,TRUE,10-100km,UB,DA,UB,DA,False,False,False,False,0.0,0.0,,,,
EU338,Usedom / Uznam Island Quaternary Aquifer,DEU,POL,UB,UB,0,FALSE,10-100km,UB,UB,UB,UB,False,False,False,False,,,,,,
EU339,Upper Pannonian-Lower Pleistocene / Vojvodina / Duna-Tisza köze déli r.,HUN,ROU,DA,DA,0,TRUE,100+km,DA,DA,DA,DA,True,False,False,False,0.1094,0.0128,,,,
EU339,Upper Pannonian-Lower Pleistocene / Vojvodina / Duna-Tisza köze déli r.,HUN,SRB,DA,DA,0,TRUE,10-100km,DA,DA,DA,DA,True,False,False,False,0.3131,0.0806,,,,
EU339,Upper Pannonian-Lower Pleistocene / Vojvodina / Duna-Tisza köze déli r.,ROU,SRB,DA,DA,0,TRUE,10-100km,DA,DA,DA,DA,True,False,False,False,0.3131,0.2729,,,,
EU340,Komár?anská Kryha / Dunántúli-khgs. Északi r.,HUN,SVK,BL,DA,0,TRUE,10-100km,BL,DA,BL,DA,False,False,False,False,1.0,1.0,,,,
N001,Abbotsford-Sumas,CAN,USA,BL,BL,3,FALSE,0-10km,BL,BL,BL,BL,False,False,False,False,1.0,1.0,,,,
N002,Okanagan-Osoyoos,CAN,USA,DA,DA,0,FALSE,10-100km,UB,DA,UB,DA,False,False,True,True,0.4585,0.4585,C,1,,"stage 3 (UB->DA): audit class C, tier 1 -- groundwater irrigation absent from the whole polygon, contradicted by external sources; evidence on the CAN side"
N003,Grand Forks,CAN,USA,IU0,IU1,0,FALSE,0-10km,IU0,IU1,IU0,IU1,False,False,False,False,,,,,,
N004,Eastend-Ravenscrag (Poplar),CAN,USA,IU1,DA,0,FALSE,10-100km,IU1,DA,IU1,DA,False,False,False,False,1.0,1.0,,,,
N005,Estevan Valley Aquifer System,CAN,USA,IU1,DA,0,FALSE,10-100km,IU1,DA,IU1,DA,False,False,False,False,,,,,,
N007,Châteauguay,CAN,USA,IU1,IU1,0,FALSE,10-100km,IU1,IU1,IU1,IU1,False,False,False,False,0.3538,0.3538,,,,
N008,Tijuana - San Diego Aquifer,MEX,USA,UB,BL,0,FALSE,10-100km,UB,BL,UB,BL,False,False,False,False,1.0,1.0,,,,
N012,Nogales-Rio Santa Cruz Aquifer / Upper Santa Cruz Basin,MEX,USA,DA,DA,0,FALSE,10-100km,DA,DA,DA,DA,False,False,False,False,0.0339,0.0339,,,,
N013,Rio San Pedro Aquifer / Upper San Pedro Basin,MEX,USA,DA,DA,0,FALSE,10-100km,UB,DA,UB,DA,False,False,True,True,0.101,0.101,C,1,,"stage 3 (UB->DA): audit class C, tier 1 -- groundwater irrigation absent from the whole polygon, contradicted by external sources; evidence on the MEX side"
N014,Conejos Medanos Aquifer / Mesilla Bolson,MEX,USA,DA,DA,0,TRUE,10-100km,DA,DA,DA,DA,False,False,False,False,0.0065,0.0065,,,,
N015,Valle de Juarez Bolson / Hueco-Tularosa Bolson,MEX,USA,BL,BL,3,TRUE,10-100km,BL,BL,BL,BL,False,False,False,False,1.0,1.0,,,,
N018,Las Palmas Aquifer / Mimbres Basin,MEX,USA,DA,DA,0,FALSE,10-100km,DA,DA,DA,DA,False,False,False,False,0.1877,0.1877,,,,
N019,Judith River,CAN,USA,DA,DA,0,FALSE,100+km,DA,DA,DA,DA,False,False,False,False,0.0494,0.0494,,,,
N020,Milk River,CAN,USA,DA,DA,0,FALSE,10-100km,DA,DA,DA,DA,False,False,False,False,0.5358,0.5358,,,,
N021,Richelieu/Lake Champlain and Yamaska,CAN,USA,DA,DA,0,FALSE,10-100km,DA,DA,DA,DA,False,False,False,False,0.762,0.762,,,,
N022a,Northern Great Plains - Upper Cretaceous Aquifer System,CAN,USA,UB,DA,0,FALSE,10-100km,UB,DA,UB,DA,False,False,False,False,1.0,1.0,,,,
N022b,Northern Great Plains - Lower Tertiary Aquifer System,CAN,USA,UB,DA,0,FALSE,10-100km,UB,DA,UB,DA,False,False,False,False,1.0,1.0,,,,
N025,Laguna Salada Aquifer / Coyote Wells Valley,MEX,USA,IU1,IU1,0,FALSE,10-100km,IU0,IU0,IU0,IU0,False,False,True,True,,,C,1,,"stage 3 (IU0->IU1): audit class C, tier 1 -- groundwater irrigation absent from the whole polygon, contradicted by external sources; evidence on the MEX/USA side"
N026,Valle de Mexicali - San Luis Rio Colorado Aquifer / Yuma - Imperial Valley,MEX,USA,DA,DA,0,TRUE,10-100km,DA,DA,DA,DA,False,False,False,False,0.2198,0.2198,,,,
N031,Sonoyta-Puerto Penasco Aquifer,MEX,USA,IU1,IU1,0,FALSE,0-10km,IU1,IU1,IU1,IU1,False,False,False,False,,,,,,
N035,La Abra Plain,MEX,USA,IU1,IU1,0,FALSE,0-10km,IU1,IU1,IU1,IU1,False,False,False,False,,,,,,
N041,San Simon Wash,MEX,USA,IU0,IU0,0,FALSE,10-100km,IU0,IU0,IU0,IU0,False,False,False,False,0.0,0.0,,,,
N045,Rio Altar Aquifer,MEX,USA,IU1,IU1,0,FALSE,0-10km,IU1,IU1,IU1,IU1,False,False,False,False,0.0,0.0,,,,
N048,Rio Agua Prieta Aquifer / Douglas Basin,MEX,USA,BL,BL,0,FALSE,10-100km,BL,BL,BL,BL,False,False,False,False,1.0,1.0,,,,
N053,Janos Aquifer / Playas Basin,MEX,USA,DA,DA,0,FALSE,10-100km,DA,DA,DA,DA,False,False,False,False,0.0677,0.0677,,,,
N055,Ascension Aquifer / Hachita Moscos Basin,MEX,USA,BL,BL,0,FALSE,10-100km,BL,BL,BL,BL,False,False,False,False,1.0,1.0,,,,
N057,Potrillo Mountains,MEX,USA,IU0,IU0,0,FALSE,0-10km,IU0,IU0,IU0,IU0,False,False,False,False,,,,,,
N059,Red Light Draw Bolson,MEX,USA,IU0,IU0,0,TRUE,10-100km,IU0,IU0,IU0,IU0,False,False,False,False,,,,,,
N061,Green River Valley Bolson,MEX,USA,IU0,IU0,0,TRUE,0-10km,IU0,IU0,IU0,IU0,False,False,False,False,,,,,,
N062,Presidio Bolson,MEX,USA,BL,BL,0,TRUE,10-100km,BL,BL,BL,BL,False,False,False,False,1.0,1.0,,,,
N063,Redford Bolson,MEX,USA,BL,BL,0,TRUE,0-10km,BL,BL,BL,BL,False,False,False,False,1.0,1.0,,,,
N068,Edwards Aquifer,MEX,USA,UB,UB,0,TRUE,100+km,UB,UB,UB,UB,False,False,False,False,0.5267,0.5267,,,,
N069,Santa Fe del Pino Aquifer,MEX,USA,IU0,IU0,0,TRUE,0-10km,IU0,IU0,IU0,IU0,False,False,False,False,,,,,,
N070,Serrania del Burro Aquifer,MEX,USA,IU0,IU0,0,TRUE,10-100km,IU0,IU0,IU0,IU0,False,False,False,False,,,,,,
N071,Austin Formation / Austin Chalk,MEX,USA,IU0,IU1,0,TRUE,10-100km,IU0,IU1,IU0,IU1,False,False,False,False,1.0,1.0,,,,
N075,Presa La Amistad Aquifer,MEX,USA,UB,BL,0,TRUE,0-10km,UB,BL,UB,BL,False,False,False,False,1.0,1.0,,,,
N076,Allende-Piedras Negras Aquifer,MEX,USA,DA,BL,0,TRUE,10-100km,DA,BL,DA,BL,False,False,False,False,0.416,0.416,,,,
N082,Carrizo-Wilcox Aquifer,MEX,USA,IU1,IU1,0,TRUE,10-100km,IU1,IU1,IU1,IU1,False,False,False,False,0.0,0.0,,,,
N088,Baja de Rio Bravo / Gulf Coast Aquifer,MEX,USA,DA,DA,0,TRUE,100+km,DA,DA,DA,DA,False,False,False,False,0.4189,0.4189,,,,
S001,Choco-Darién,COL,PAN,IU0,IU0,0,FALSE,0-10km,IU0,IU0,IU0,IU0,False,False,False,False,,,,,,
S002,Táchira Pamplonita,COL,VEN,UB,UB,1,FALSE,10-100km,UB,UB,UB,UB,False,False,False,False,,,,,,
S003,La Guajira,COL,VEN,UB,UB,1,FALSE,10-100km,UB,UB,UB,UB,False,False,False,False,,,,,,
S004,Grupo Roraima,BRA,GUY,IU1,IU1,0,TRUE,100+km,IU0,IU0,IU0,IU0,True,False,True,True,,,B,1,,"stage 3 (IU0->IU1): audit class B, tier 1 -- settlement above the urban-cluster floor, yet the urban layer reads zero across the whole polygon; evidence on the BRA/GUY side"
S004,Grupo Roraima,BRA,VEN,IU1,IU1,0,FALSE,10-100km,IU1,IU1,IU1,IU1,True,False,False,False,,,,,,
S004,Grupo Roraima,GUY,VEN,IU1,IU1,0,FALSE,100+km,IU1,IU1,IU1,IU1,True,False,False,False,,,,,,
S005,Boa Vista-Serra do Tucano-North Savanna,BRA,GUY,UB,UB,0,TRUE,10-100km,UB,UB,UB,UB,False,False,False,False,,,,,,
S006,Upper Sand / Zanderij,FRA,SUR,UB,UB,0,TRUE,100+km,UB,UB,UB,UB,True,False,False,False,0.0,0.0,,,,
S006,Upper Sand / Zanderij,GUY,SUR,IU0,IU0,0,TRUE,100+km,IU1,IU1,IU0,IU0,True,True,False,True,,,,,stage 2 (IU1->IU0): the urban land in the 100 km band lay along a different border,
S007,Coesewijne,GUY,SUR,UB,DA,0,TRUE,100+km,UB,DA,UB,DA,False,False,False,False,,,,,,
S008,A-Sand/B-Sand,GUY,SUR,UB,DA,0,TRUE,100+km,UB,DA,UB,DA,False,False,False,False,,,,,,
S009,Aquífero litorâneo / Aquifères sédimentaires de la bande côtière,BRA,FRA,IU1,IU1,0,TRUE,100+km,IU1,IU1,IU1,IU1,False,False,False,False,0.0,0.0,,,,
S010,Tulcán-Ipiales,COL,ECU,UB,UB,1,TRUE,0-10km,UB,UB,UB,UB,False,False,False,False,1.0,1.0,,,,
S011,Zarumilla,ECU,PER,UB,UB,0,FALSE,10-100km,UB,UB,UB,UB,False,False,False,False,1.0,1.0,,,,
S012,Puyango-Tumbes-Catamayo-Chira,ECU,PER,UB,DA,0,TRUE,10-100km,UB,DA,UB,DA,False,False,False,False,0.0203,0.0203,,,,
S013,Amazonas,BOL,BRA,UB,UB,0,TRUE,100+km,UB,UB,UB,UB,True,False,False,False,0.0,0.0,,,,
S013,Amazonas,BOL,PER,UB,UB,0,TRUE,100+km,UB,UB,UB,UB,True,False,False,False,0.0,0.0,,,,
S013,Amazonas,BRA,COL,UB,UB,1,TRUE,100+km,UB,UB,UB,UB,True,False,False,False,0.0,0.0,,,,
S013,Amazonas,BRA,PER,UB,UB,0,TRUE,100+km,UB,UB,UB,UB,True,False,False,False,0.0,0.0,,,,
S013,Amazonas,COL,ECU,UB,UB,1,TRUE,100+km,UB,UB,UB,UB,True,False,False,False,0.0,0.0,,,,
S013,Amazonas,COL,PER,UB,UB,0,TRUE,100+km,UB,UB,UB,UB,True,False,False,False,0.0,0.0,,,,
S013,Amazonas,COL,VEN,UB,UB,3,TRUE,100+km,UB,UB,UB,UB,True,False,False,False,0.0,0.0,,,,
S013,Amazonas,ECU,PER,UB,UB,0,TRUE,100+km,UB,UB,UB,UB,True,False,False,False,,,,,,
S014,Titicaca,BOL,PER,DA,DA,0,TRUE,100+km,DA,DA,DA,DA,False,False,False,False,0.1018,0.1018,,,,
S015,Pantanal,BOL,BRA,UB,UB,0,TRUE,10-100km,UB,UB,UB,UB,True,False,False,False,,,,,,
S015,Pantanal,BOL,PRY,IU1,IU1,0,TRUE,100+km,UB,UB,IU1,IU1,True,True,False,True,,,,,stage 2 (UB->IU1): zone areas re-measured against this dyad's own border,
S015,Pantanal,BRA,PRY,UB,UB,0,TRUE,10-100km,UB,UB,UB,UB,True,False,False,False,,,,,,
S016,Agua Dulce,BOL,PRY,IU0,IU0,0,TRUE,10-100km,IU0,IU0,IU0,IU0,False,False,False,False,,,,,,
S017,Salar de Ollagüe / Pastos Grandes,BOL,CHL,IU0,IU0,0,FALSE,10-100km,IU0,IU0,IU0,IU0,False,False,False,False,,,,,,
S018,Caplina-Concordia Aquifer System,CHL,PER,BL,BL,0,FALSE,10-100km,IU1,IU1,IU1,IU1,False,False,True,True,0.0134,0.0134,C,1,,"stage 3 (IU1->BL): audit class C, tier 1 -- groundwater irrigation absent from the whole polygon, contradicted by external sources; evidence on the CHL side"
S019,Aquidauana-Aquidabán,BRA,PRY,UB,UB,0,TRUE,100+km,UB,UB,UB,UB,False,False,False,False,0.0,0.0,,,,
S020,Caiua-Bauru-Acaray Aquifer,BRA,PRY,UB,UB,0,FALSE,10-100km,UB,UB,UB,UB,False,False,False,False,1.0,1.0,,,,
S021,Sistema Aquífero / Sistema Acuífero Guaraní,ARG,BRA,DA,DA,3,TRUE,100+km,DA,DA,DA,DA,True,False,False,False,0.0332,0.0277,,,,
S021,Sistema Aquífero / Sistema Acuífero Guaraní,ARG,PRY,DA,DA,3,TRUE,100+km,DA,DA,DA,DA,True,False,False,False,0.0749,0.0715,,,,
S021,Sistema Aquífero / Sistema Acuífero Guaraní,ARG,URY,DA,DA,3,TRUE,100+km,DA,DA,DA,DA,True,False,False,False,0.654,0.0611,,,,
S021,Sistema Aquífero / Sistema Acuífero Guaraní,BRA,PRY,DA,DA,3,TRUE,100+km,DA,DA,DA,DA,True,False,False,False,0.0749,0.0016,,,,
S021,Sistema Aquífero / Sistema Acuífero Guaraní,BRA,URY,DA,DA,3,TRUE,100+km,DA,DA,DA,DA,True,False,False,False,0.654,0.6388,,,,
S022,Sistema Aquífero / Sistema Acuífero Arapey / Serra Geral,ARG,BRA,DA,DA,0,TRUE,100+km,DA,DA,DA,DA,True,False,False,False,0.0594,0.0518,,,,
S022,Sistema Aquífero / Sistema Acuífero Arapey / Serra Geral,ARG,PRY,UB,DA,0,TRUE,100+km,DA,DA,UB,DA,True,True,False,True,0.1163,0.1114,,,stage 2 (DA->UB): the side with less irrigation loses its 100 km-band cropland once the band is measured to this dyad's border; near-zone share 0.116 -> 0.111,
S022,Sistema Aquífero / Sistema Acuífero Arapey / Serra Geral,ARG,URY,DA,DA,0,TRUE,100+km,DA,DA,DA,DA,True,False,False,False,0.6498,0.0467,,,,
S022,Sistema Aquífero / Sistema Acuífero Arapey / Serra Geral,BRA,PRY,DA,DA,0,TRUE,100+km,DA,DA,DA,DA,True,False,False,False,0.1163,0.0004,,,,
S022,Sistema Aquífero / Sistema Acuífero Arapey / Serra Geral,BRA,URY,DA,DA,0,TRUE,100+km,DA,DA,DA,DA,True,False,False,False,0.6498,0.6498,,,,
S023,Litoráneo-Chuy,BRA,URY,UB,DA,0,TRUE,100+km,UB,DA,UB,DA,False,False,False,False,0.0154,0.0154,,,,
S024,Permo-Carbonífero,BRA,URY,DA,DA,0,TRUE,100+km,DA,DA,DA,DA,False,False,False,False,0.3214,0.3214,,,,
S025,Litoral-Cretácico,ARG,URY,DA,DA,0,TRUE,10-100km,DA,DA,DA,DA,False,False,False,False,0.0296,0.0296,,,,
S026,Salto-Salto Chico,ARG,URY,DA,DA,0,TRUE,10-100km,DA,DA,DA,DA,False,False,False,False,0.558,0.558,,,,
S027,Puneños,ARG,BOL,IU0,IU0,0,TRUE,10-100km,IU0,IU0,IU0,IU0,False,False,False,False,,,,,,
S028,Sistema Acuífero Yrendá-Toba-Tarijeño (SAYTT),ARG,BOL,DA,DA,0,TRUE,100+km,DA,DA,DA,DA,True,False,False,False,0.0112,0.0065,,,,
S028,Sistema Acuífero Yrendá-Toba-Tarijeño (SAYTT),ARG,PRY,UB,UB,0,TRUE,100+km,UB,UB,UB,UB,True,False,False,False,0.0005,0.0005,,,,
S028,Sistema Acuífero Yrendá-Toba-Tarijeño (SAYTT),BOL,PRY,IU1,IU1,0,TRUE,100+km,UB,UB,IU1,IU1,True,True,False,True,0.0112,0.0,,,stage 2 (UB->IU1): the urban land in the 100 km band lay along a different border; near-zone share 0.011 -> 0.000,
S029,El Cóndor-Cañadón del Cóndor,ARG,CHL,IU1,IU1,0,FALSE,10-100km,IU1,IU1,IU1,IU1,False,False,False,False,,,,,,
S030,Salar de Ascotán,BOL,CHL,IU0,IU0,0,FALSE,0-10km,IU0,IU0,IU0,IU0,False,False,False,False,,,,,,
S031,Silala,BOL,CHL,IU0,IU0,0,FALSE,0-10km,IU0,IU0,IU0,IU0,False,False,False,False,,,,,,
S032,Laguna Blanca,BOL,CHL,IU0,IU0,0,FALSE,0-10km,IU0,IU0,IU0,IU0,True,False,False,False,,,,,,
S032,Laguna Blanca,CHL,PER,IU0,IU0,0,FALSE,0-10km,IU0,IU0,IU0,IU0,True,False,False,False,,,,,,
