code,CC_1,CC_2,name,measured,class_in,class_out,classF_in,classF_out,near_share_in,near_share_out,changed,changedF,audit_t1,audit_t12,audit_from,audit_to,audit_from_stale
AS010,IRQ,TUR,Upper Jezira,TRUE,BL,DA,BL,DA,0.9963671862445872,0.18143861924893942,TRUE,TRUE,FALSE,FALSE,NA,NA,NA
AF009,BWA,ZWE,Tuli Karoo Sub-Basin,TRUE,IU1,IU1,BL,DA,1,0.22184016177854843,FALSE,TRUE,TRUE,TRUE,IU1,UB,FALSE
AF052,NER,TCD,Lake Chad sedimentary basin / Bassin sédimentaire du Lac Tchad,TRUE,DA,UB,DA,UB,0.6872856290261008,0,TRUE,TRUE,FALSE,FALSE,NA,NA,NA
EB067 - EB069,BGR,MKD,Sandansky-Petrich Aquifer ; Sandansky Valley Aquifer ; Petrich Valley Aquifer,TRUE,IU1,IU1,BL,DA,0.9930013203373411,0.4704278381705421,FALSE,TRUE,FALSE,TRUE,IU1,UB,FALSE
EB067 - EB069,GRC,MKD,Sandansky-Petrich Aquifer ; Sandansky Valley Aquifer ; Petrich Valley Aquifer,TRUE,BL,DA,DA,DA,1,0.6311971604036315,TRUE,FALSE,FALSE,FALSE,NA,NA,NA
AS002,EGY,PSE,Coastal Aquifer Basin,TRUE,BL,DA,BL,DA,1,0.7080977486870516,TRUE,TRUE,FALSE,FALSE,NA,NA,NA
AS001,EGY,PSE,Western Mountain Aquifer,TRUE,BL,DA,DA,DA,1,0.7581307019469811,TRUE,FALSE,FALSE,FALSE,NA,NA,NA
AS128,IRQ,SAU,Neogene Aquifer System (South-East): Dibdibba-Kuwait Group,TRUE,UB,IU1,DA,IU1,0.15478147375357512,0,TRUE,TRUE,FALSE,FALSE,NA,NA,NA
AF052,NGA,TCD,Lake Chad sedimentary basin / Bassin sédimentaire du Lac Tchad,TRUE,DA,UB,DA,DA,0.047578034481944614,0,TRUE,FALSE,FALSE,FALSE,NA,NA,NA
AS141,OMN,YEM,Umm er Radhuma-Dammam Aquifer System (South): Rub' al Khali,TRUE,IU1,IU0,IU1,IU0,0.04053378099383017,0,TRUE,TRUE,FALSE,FALSE,NA,NA,NA
AF069,DZA,LBY,North-Western Sahara Aquifer System / Système Aquifère du Sahara Septentrional,TRUE,DA,IU1,DA,IU1,0.014829672234328151,0,TRUE,TRUE,FALSE,FALSE,NA,NA,NA
AS010,SYR,TUR,Upper Jezira,TRUE,BL,DA,DA,DA,0.9963671862445872,0.9838749876992284,TRUE,FALSE,FALSE,FALSE,NA,NA,NA
AF009,ZAF,ZWE,Tuli Karoo Sub-Basin,TRUE,IU1,IU1,BL,DA,1,0.9926407192498464,FALSE,TRUE,TRUE,TRUE,IU1,UB,FALSE
S022,ARG,PRY,Sistema Aquífero / Sistema Acuífero Arapey / Serra Geral,TRUE,DA,UB,DA,DA,0.11626141877124614,0.11136597011872269,TRUE,FALSE,FALSE,FALSE,NA,NA,NA
AS118,LAO,MMR,Lower Mekong River 1 Aquifer,TRUE,UB,UB,BL,DA,0.997501521593151,0.9970379127158964,FALSE,TRUE,FALSE,FALSE,NA,NA,NA
AS140,ARE,SAU,Umm er Radhuma-Dammam Aquifer System (Centre): Gulf,TRUE,BL,IU1,BL,IU1,1,0.9995419673421969,TRUE,TRUE,FALSE,FALSE,NA,NA,NA
EB083,GRC,TUR,Orestiadas System,TRUE,IU0,IU0,BL,DA,1,0.999999999999999,FALSE,TRUE,FALSE,FALSE,NA,NA,NA
AS010,IRQ,SYR,Upper Jezira,TRUE,DA,DA,BL,DA,0.9899314483481497,0.9899314483481496,FALSE,TRUE,FALSE,FALSE,NA,NA,NA
AF063,EGY,SDN,Nubian Sandstone Aquifer System,TRUE,UB,IU1,UB,UB,0,0,TRUE,FALSE,FALSE,FALSE,NA,NA,NA
AF063,LBY,SDN,Nubian Sandstone Aquifer System,TRUE,UB,IU1,UB,IU1,0,0,TRUE,TRUE,FALSE,FALSE,NA,NA,NA
AF069,LBY,TUN,North-Western Sahara Aquifer System / Système Aquifère du Sahara Septentrional,TRUE,DA,IU1,DA,IU1,0,0,TRUE,TRUE,FALSE,FALSE,NA,NA,NA
AS130,IRQ,SAU,Umm er Radhuma-Dammam Aquifer System (North): Widyan-Salman,TRUE,UB,IU1,DA,IU1,0,0,TRUE,TRUE,TRUE,TRUE,IU1,UB,FALSE
AS140,QAT,SAU,Umm er Radhuma-Dammam Aquifer System (Centre): Gulf,TRUE,DA,UB,DA,UB,0,0,TRUE,TRUE,FALSE,FALSE,NA,NA,NA
EB067 - EB069,BGR,GRC,Sandansky-Petrich Aquifer ; Sandansky Valley Aquifer ; Petrich Valley Aquifer,TRUE,IU1,IU1,BL,DA,1,1,FALSE,TRUE,TRUE,TRUE,IU1,UB,FALSE
AF052,CAF,CMR,Lake Chad sedimentary basin / Bassin sédimentaire du Lac Tchad,TRUE,UB,UB,BL,DA,NA,NA,FALSE,TRUE,FALSE,FALSE,NA,NA,NA
AF052,CAF,SDN,Lake Chad sedimentary basin / Bassin sédimentaire du Lac Tchad,TRUE,UB,UB,BL,UB,NA,NA,FALSE,TRUE,FALSE,FALSE,NA,NA,NA
AF052,DZA,NER,Lake Chad sedimentary basin / Bassin sédimentaire du Lac Tchad,TRUE,UB,IU1,UB,IU1,NA,NA,TRUE,TRUE,FALSE,FALSE,NA,NA,NA
AF054,BEN,NER,Volta Basin,TRUE,IU1,IU0,IU1,IU0,NA,NA,TRUE,TRUE,FALSE,FALSE,NA,NA,NA
AF056,BFA,NER,Système Aquifère des Iullemmeden / Iullemmeden Aquifer System,TRUE,UB,UB,BL,UB,NA,NA,FALSE,TRUE,FALSE,FALSE,NA,NA,NA
AF056,DZA,MLI,Système Aquifère des Iullemmeden / Iullemmeden Aquifer System,TRUE,IU1,IU0,IU1,IU0,NA,NA,TRUE,TRUE,FALSE,FALSE,NA,NA,NA
AF056,DZA,NER,Système Aquifère des Iullemmeden / Iullemmeden Aquifer System,TRUE,IU1,IU0,IU1,IU0,NA,NA,TRUE,TRUE,TRUE,TRUE,IU0,IU1,FALSE
AF063,LBY,TCD,Nubian Sandstone Aquifer System,TRUE,IU1,IU0,IU1,IU0,NA,NA,TRUE,TRUE,FALSE,FALSE,NA,NA,NA
AF064,DZA,MLI,Taoudeni-Tanezrouft Aquifer System / Système Aquifère de Taoudéni-Tanezrouft,TRUE,UB,IU1,UB,IU1,NA,NA,TRUE,TRUE,FALSE,FALSE,NA,NA,NA
AF067,DZA,NER,Système Aquifère de Mourzouk - Djado / Murzuk-Djado Aquifer System,TRUE,IU1,IU0,IU1,IU0,NA,NA,TRUE,TRUE,FALSE,FALSE,NA,NA,NA
AF067,LBY,NER,Système Aquifère de Mourzouk - Djado / Murzuk-Djado Aquifer System,TRUE,IU1,IU0,IU1,IU0,NA,NA,TRUE,TRUE,FALSE,FALSE,NA,NA,NA
AF067,LBY,TCD,Système Aquifère de Mourzouk - Djado / Murzuk-Djado Aquifer System,TRUE,IU1,IU0,IU1,IU0,NA,NA,TRUE,TRUE,FALSE,FALSE,NA,NA,NA
AF068,DZA,ESH,Système Aquifère de Tindouf,TRUE,UB,IU1,UB,IU1,NA,NA,TRUE,TRUE,FALSE,FALSE,NA,NA,NA
AF068,ESH,MAR,Système Aquifère de Tindouf,TRUE,UB,IU0,UB,IU0,NA,NA,TRUE,TRUE,FALSE,FALSE,NA,NA,NA
AF081,COG,GAB,Aquífero sedimentar costeiro do Rio Congo / Aquifère Côtier,TRUE,IU1,IU0,IU1,IU0,NA,NA,TRUE,TRUE,FALSE,FALSE,NA,NA,NA
AS035,KAZ,TKM,Amu Darya (2),TRUE,IU1,IU0,IU1,IU0,NA,NA,TRUE,TRUE,FALSE,FALSE,NA,NA,NA
AS153,IDN,MYS,Baram Aquifer,TRUE,IU1,IU0,IU1,IU0,NA,NA,TRUE,TRUE,FALSE,FALSE,NA,NA,NA
S006,GUY,SUR,Upper Sand / Zanderij,TRUE,IU1,IU0,IU1,IU0,NA,NA,TRUE,TRUE,FALSE,FALSE,NA,NA,NA
S015,BOL,PRY,Pantanal,TRUE,UB,IU1,UB,IU1,NA,NA,TRUE,TRUE,FALSE,FALSE,NA,NA,NA
S028,BOL,PRY,Sistema Acuífero Yrendá-Toba-Tarijeño (SAYTT),TRUE,UB,IU1,UB,IU1,NA,NA,TRUE,TRUE,FALSE,FALSE,NA,NA,NA
