system:index,Area,CR,CR3,GID_0,GW,GW3,IR,IR3,InPoly_FID,MaxSimpTol,MinSimpTol,NAME_0,Shape_Area,Shape_Leng,SimPgnFlag,UR,area,vertex,.geo
00000000000000000000,1.818863504242647E8,0.0,0.0,ABW,0.0,0.0,0.0,0.0,1,8.9932205E-4,8.9932205E-4,Aruba,0.01512884549,0.73289086331,0,7.732548724803928,0.0,252,"{""type"":""MultiPoint"",""coordinates"":[]}"
00000000000000000003,8.32393224593137E7,3.0301638946639335E-4,0.0,AIA,0.0,0.0,0.0,0.0,4,8.9932205E-4,8.9932205E-4,Anguilla,0.0071142449,1.0169776794,0,0.0,0.0,393,"{""type"":""MultiPoint"",""coordinates"":[]}"
00000000000000000006,4.5191524414926463E8,0.005221434981126656,0.0,AND,0.0,0.0,0.0,0.0,7,8.9932205E-4,8.9932205E-4,Andorra,0.04952982454,1.22189017835,0,3.610100268750002,0.0,130,"{""type"":""MultiPoint"",""coordinates"":[]}"
0000000000000000000a,2.2321756599705887E8,0.0,0.0,ASM,0.0,0.0,0.0,0.0,11,8.9932205E-4,8.9932205E-4,American Samoa,0.01871715344,2.08428627479,0,4.594867160392154,0.0,595,"{""type"":""MultiPoint"",""coordinates"":[]}"
0000000000000000000b,7.859101975245832E9,0.0,0.0,ATF,0.0,0.0,0.0,0.0,12,8.9932205E-4,8.9932205E-4,French Southern Territories,0.96681121236,39.2511225481,0,0.0,0.0,12547,"{""type"":""MultiPoint"",""coordinates"":[]}"
0000000000000000000c,4.3472995800539225E8,0.013561774295599405,0.0072795975102264675,ATG,0.0,0.0,0.0,0.0,13,8.9932205E-4,8.9932205E-4,Antigua and Barbuda,0.03701362489,3.00710504026,0,6.035786602083332,0.0,1141,"{""type"":""MultiPoint"",""coordinates"":[]}"
00000000000000000013,3.2370742746911764E8,2.429127660029631E-5,0.0,BES,0.0,0.0,0.0,0.0,20,8.9932205E-4,8.9932205E-4,"Bonaire, Sint Eustatius and Saba",0.02697319094,1.44699074296,0,1.2352783893872548,0.0,437,"{""type"":""MultiPoint"",""coordinates"":[]}"
00000000000000000017,7.141327247803924E8,0.021481243233801704,0.010424885126911735,BHR,6.846751520632717E-4,0.0,9.019992703598488E-4,0.0,24,8.9932205E-4,8.9932205E-4,Bahrain,0.06447749941,4.48988249377,0,27.18633657642161,0.0,1561,"{""type"":""MultiPoint"",""coordinates"":[]}"
00000000000000000019,5.106781132451886E10,14.241459481235337,9.677619038235902,BIH,0.0235422888861037,0.0,0.08866200428717136,0.0,26,8.9932205E-4,8.9932205E-4,Bosnia and Herzegovina,5.74756059149,15.4309771651,0,145.46626463651964,0.0,1082,"{""type"":""MultiPoint"",""coordinates"":[]}"
0000000000000000001a,2.4580116289950967E7,0.0,0.0,BLM,0.0,0.0,0.0,0.0,27,8.9932205E-4,8.9932205E-4,Saint-Barthélemy,0.00209865271,0.5669205131,0,1.084082165857843,0.0,240,"{""type"":""MultiPoint"",""coordinates"":[]}"
0000000000000000001c,2.1983886499201717E10,1.8220855801332516,0.34888742715043886,BLZ,0.02810087122152795,0.020402901892919934,0.028655773320020315,0.02078611577728017,29,8.9932205E-4,8.9932205E-4,Belize,1.86788702306,20.3973765915,0,8.964457459485294,0.0,6316,"{""type"":""MultiPoint"",""coordinates"":[]}"
0000000000000000001d,6.758746725392155E7,0.0,0.0,BMU,0.0,0.0,0.0,0.0,30,8.9932205E-4,8.9932205E-4,Bermuda,0.00650323129,1.61756001069,0,5.689165471789214,0.0,579,"{""type"":""MultiPoint"",""coordinates"":[]}"
00000000000000000020,4.3451987054877454E8,0.3379130837853018,0.24000551455012165,BRB,0.016274487156123014,0.0,0.018082770144340513,0.0,33,8.9932205E-4,8.9932205E-4,Barbados,0.03623391122,0.94755011984,0,14.93964236355392,0.0,332,"{""type"":""MultiPoint"",""coordinates"":[]}"
00000000000000000023,7.752482093872546E7,0.0,0.0,BVT,0.0,0.0,0.0,0.0,36,8.9932205E-4,8.9932205E-4,Bouvet Island,0.01073577986,0.5562181741,0,0.0,0.0,126,"{""type"":""MultiPoint"",""coordinates"":[]}"
00000000000000000026,1.3546424304166669E7,0.0,0.0,CCK,0.0,0.0,0.0,0.0,40,8.9932205E-4,8.9932205E-4,Cocos Islands,0.00112278118,0.92831138432,0,0.0,0.0,381,"{""type"":""MultiPoint"",""coordinates"":[]}"
0000000000000000002e,2.600720589252452E8,0.0,0.0,COK,0.0,0.0,0.0,0.0,48,8.9932205E-4,8.9932205E-4,Cook Islands,0.02244704366,4.00863141133,0,1.8634420061274506,0.0,1282,"{""type"":""MultiPoint"",""coordinates"":[]}"
00000000000000000030,1.672723038842402E9,0.0,0.0,COM,0.0,0.0,0.0,0.0,50,8.9932205E-4,8.9932205E-4,Comoros,0.13881706591,4.22511187913,0,16.33424134921568,0.0,1476,"{""type"":""MultiPoint"",""coordinates"":[]}"
00000000000000000031,4.089380367499019E9,0.0,0.0,CPV,0.0,0.0,0.0,0.0,51,8.9932205E-4,8.9932205E-4,Cape Verde,0.34530752742,10.2556176393,0,12.268651778529412,0.0,3644,"{""type"":""MultiPoint"",""coordinates"":[]}"
00000000000000000034,4.3760228119852936E8,0.0,0.0,CUW,0.0,0.0,0.0,0.0,54,8.9932205E-4,8.9932205E-4,Curaçao,0.03636192945,1.98266826622,0,11.567770616813736,0.0,678,"{""type"":""MultiPoint"",""coordinates"":[]}"
00000000000000000035,1.3950278981225485E8,0.0,0.0,CXR,0.0,0.0,0.0,0.0,55,8.9932205E-4,8.9932205E-4,Christmas Island,0.01152543101,0.65832632839,0,0.0,0.0,169,"{""type"":""MultiPoint"",""coordinates"":[]}"
00000000000000000036,2.807077492696078E8,0.0017021915715998846,0.0,CYM,0.0,0.0,0.0,0.0,56,8.9932205E-4,8.9932205E-4,Cayman Islands,0.02413060916,2.02638837203,0,4.530542974411764,0.0,624,"{""type"":""MultiPoint"",""coordinates"":[]}"
0000000000000000003b,7.539705998634803E8,1.0869115672457782E-4,0.0,DMA,0.0,0.0,0.0,0.0,61,8.9932205E-4,8.9932205E-4,Dominica,0.06349957885,1.48122864271,0,1.0315304765686273,0.0,544,"{""type"":""MultiPoint"",""coordinates"":[]}"
00000000000000000042,2.6731826657990244E11,0.004606406622966252,0.0,ESH,0.0,0.0,0.0,0.0,68,8.9932205E-4,8.9932205E-4,Western Sahara,23.8579486287,30.4434022977,0,9.824715583382353,0.0,3457,"{""type"":""MultiPoint"",""coordinates"":[]}"
00000000000000000047,1.8977937088272797E10,2.6590967650013053,0.0,FJI,0.0,0.0,0.03057701290773054,0.0,73,8.9932205E-4,8.9932205E-4,Fiji,1.61269220796,42.7192731596,0,35.972649168137245,0.0,13748,"{""type"":""MultiPoint"",""coordinates"":[]}"
00000000000000000048,1.238846577537966E10,0.0,0.0,FLK,0.0,0.0,0.0,0.0,74,8.9932205E-4,8.9932205E-4,Falkland Islands,1.61317895413,82.6062844942,0,0.0,0.0,28519,"{""type"":""MultiPoint"",""coordinates"":[]}"
0000000000000000004a,1.4379212797496321E9,0.0,0.0,FRO,0.0,0.0,0.0,0.0,76,8.9932205E-4,8.9932205E-4,Faroe Islands,0.24706148083,13.3387800113,0,0.8135641519240194,0.0,3670,"{""type"":""MultiPoint"",""coordinates"":[]}"
0000000000000000004b,7.695640981980389E8,0.0,0.0,FSM,0.0,0.0,0.0,0.0,77,8.9932205E-4,8.9932205E-4,Micronesia,0.0631472283,11.8411917623,0,4.4620693151715685,0.0,4266,"{""type"":""MultiPoint"",""coordinates"":[]}"
0000000000000000004f,8.805952633970587E7,0.028084607188106448,0.0,GGY,0.0,0.0,0.0,0.0,81,8.9932205E-4,8.9932205E-4,Guernsey,0.01096364189,1.61729892756,0,4.6845445246323525,0.0,648,"{""type"":""MultiPoint"",""coordinates"":[]}"
00000000000000000051,7222000.006617648,6.138506220815603E-5,0.0,GIB,0.0,0.0,0.0,0.0,83,8.9932205E-4,8.9932205E-4,Gibraltar,7.272006E-4,0.1904881773,0,0.6782558931372549,0.0,59,"{""type"":""MultiPoint"",""coordinates"":[]}"
00000000000000000053,1.6497786551924021E9,0.9329905903199178,0.44119476937469043,GLP,0.003619353359594921,0.0,0.036193536524815634,0.0,85,8.9932205E-4,8.9932205E-4,Guadeloupe,0.1394727078,4.49228820065,0,28.48168489539223,0.0,1673,"{""type"":""MultiPoint"",""coordinates"":[]}"
00000000000000000056,2.6958180818626713E10,0.0,0.0,GNQ,0.0,0.0,0.0,0.0,88,8.9932205E-4,8.9932205E-4,Equatorial Guinea,2.19125429498,9.42553834248,0,17.62062469367647,0.0,1763,"{""type"":""MultiPoint"",""coordinates"":[]}"
00000000000000000058,3.593308181933824E8,0.0,0.0,GRD,0.0,0.0,0.0,0.0,90,8.9932205E-4,8.9932205E-4,Grenada,0.02984042334,2.13710050385,0,10.007602147401956,0.0,861,"{""type"":""MultiPoint"",""coordinates"":[]}"
00000000000000000059,2.1507926119808374E12,0.0,0.0,GRL,0.0,0.0,0.0,0.0,91,8.9932205E-4,8.9932205E-4,Greenland,656.391009405,1828.53187621,0,0.8649171663970588,0.0,392161,"{""type"":""MultiPoint"",""coordinates"":[]}"
0000000000000000005b,8.329850173553604E10,0.4824720123884255,0.0,GUF,1.0382331767383727E-4,0.0,0.002076466353476745,0.0,93,8.9932205E-4,8.9932205E-4,French Guiana,6.78375160854,13.2692061126,0,8.527899768186275,0.0,1991,"{""type"":""MultiPoint"",""coordinates"":[]}"
0000000000000000005c,5.496014598857845E8,0.0,0.0,GUM,0.0,0.0,0.0,0.0,94,8.9932205E-4,8.9932205E-4,Guam,0.04589522158,1.72134919068,0,11.989927865588244,0.0,507,"{""type"":""MultiPoint"",""coordinates"":[]}"
0000000000000000005f,3.628849115303921E8,0.0,0.0,HMD,0.0,0.0,0.0,0.0,97,8.9932205E-4,8.9932205E-4,Heard Island and McDonald Islands,0.04868807829,1.97880145097,0,0.0,0.0,572,"{""type"":""MultiPoint"",""coordinates"":[]}"
00000000000000000065,5.795260477090687E8,0.4187307848329807,0.0,IMN,0.0,0.0,0.0,0.0,103,8.9932205E-4,8.9932205E-4,Isle of Man,0.07985466663,1.87519761175,0,2.5975587210049014,0.0,618,"{""type"":""MultiPoint"",""coordinates"":[]}"
00000000000000000067,6.403718608063725E7,0.0,0.0,IOT,0.0,0.0,0.0,0.0,105,8.9932205E-4,8.9932205E-4,British Indian Ocean Territory,0.00525993866,2.54185084051,0,0.0,0.0,761,"{""type"":""MultiPoint"",""coordinates"":[]}"
0000000000000000006b,1.0221620342651015E11,1.7598066423939835,0.0,ISL,0.0,0.0,0.0,0.0,109,8.9932205E-4,8.9932205E-4,Iceland,19.4245707516,100.534531718,0,10.394633147892138,0.0,25582,"{""type"":""MultiPoint"",""coordinates"":[]}"
0000000000000000006e,1.0998335504921326E10,3.0410083491420434,2.3064354539929104,JAM,0.25969705303305557,0.0,0.3172430210595499,0.0,112,8.9932205E-4,8.9932205E-4,Jamaica,0.93923370812,7.97500897881,0,91.90258735468146,0.0,2668,"{""type"":""MultiPoint"",""coordinates"":[]}"
0000000000000000006f,1.2500024659117648E8,0.2684457765858114,0.0,JEY,0.0,0.0,0.0,0.0,113,8.9932205E-4,8.9932205E-4,Jersey,0.01543572959,1.00438677708,0,6.159735292622548,0.0,389,"{""type"":""MultiPoint"",""coordinates"":[]}"
00000000000000000071,3.7240843219557965E11,243.0025733637473,9.88267280479126,JPN,2.7505007412837497,0.0,32.39069420212847,0.0,115,8.9932205E-4,8.9932205E-4,Japan,38.0539858715,289.866549779,0,4683.575340074012,0.0,95699,"{""type"":""MultiPoint"",""coordinates"":[]}"
00000000000000000077,2.670182182382353E8,0.05881750879394809,0.032692940983613986,KNA,0.0,0.0,0.0,0.0,121,8.9932205E-4,8.9932205E-4,Saint Kitts and Nevis,0.02270251238,1.20793982467,0,2.4091766812254907,0.0,407,"{""type"":""MultiPoint"",""coordinates"":[]}"
00000000000000000079,1.7386020638267155E10,0.4001668873043116,0.3400469707062228,KWT,0.08996219394396565,0.08018875472919947,0.17141075951526927,0.15624593847509397,123,8.9932205E-4,8.9932205E-4,Kuwait,1.61558664189,11.9944242207,0,60.55991537882355,0.0,2411,"{""type"":""MultiPoint"",""coordinates"":[]}"
0000000000000000007e,6.142539746279411E8,0.008060678641685018,0.0,LCA,0.0,0.0,0.0,0.0,128,8.9932205E-4,8.9932205E-4,Saint Lucia,0.05138136438,1.70696135889,0,8.618517404705885,0.0,647,"{""type"":""MultiPoint"",""coordinates"":[]}"
00000000000000000086,5.607261998284314E7,2.0120025744049884E-5,0.0,MAF,0.0,0.0,0.0,0.0,136,8.9932205E-4,8.9932205E-4,Saint-Martin,0.00479564051,0.64353598231,0,2.4437921258333333,0.0,225,"{""type"":""MultiPoint"",""coordinates"":[]}"
0000000000000000008d,2.873257293215686E8,0.0,0.0,MHL,0.0,0.0,0.0,0.0,143,8.9932205E-4,8.9932205E-4,Marshall Islands,0.02393296494,21.0068940542,0,0.9595799691666667,0.0,7695,"{""type"":""MultiPoint"",""coordinates"":[]}"
00000000000000000090,3.232644473928922E8,0.2427923670147743,0.18192623424935328,MLT,0.021725981650732765,0.0,0.021848055846925948,0.0,146,8.9932205E-4,8.9932205E-4,Malta,0.03229916262,2.01932476836,0,15.335193094828433,0.0,717,"{""type"":""MultiPoint"",""coordinates"":[]}"
00000000000000000092,1.3334470156491423E10,1.2065619841047224,0.8578275848756349,MNE,0.03008559063971776,0.0,0.04008207810441149,0.0,148,8.9932205E-4,8.9932205E-4,Montenegro,1.46690833053,9.17330992574,0,24.656485651421576,0.0,1504,"{""type"":""MultiPoint"",""coordinates"":[]}"
00000000000000000094,5.037577302882352E8,0.0,0.0,MNP,0.0,0.0,0.0,0.0,150,8.9932205E-4,8.9932205E-4,Northern Mariana Islands,0.04258570139,3.55576910398,0,3.9376299488970585,0.0,1061,"{""type"":""MultiPoint"",""coordinates"":[]}"
00000000000000000097,1.0066064482377453E8,0.0015819093128589068,0.0,MSR,0.0,0.0,0.0,0.0,153,8.9932205E-4,8.9932205E-4,Montserrat,0.00853020741,0.43968998712,0,0.0,0.0,156,"{""type"":""MultiPoint"",""coordinates"":[]}"
00000000000000000098,1.1172490554634802E9,0.09139104893900768,0.004827462330991254,MTQ,1.7061942598834025E-4,0.0,0.0034123901514896316,0.0,154,8.9932205E-4,8.9932205E-4,Martinique,0.09378745128,3.53167040494,0,20.83493162936275,0.0,1373,"{""type"":""MultiPoint"",""coordinates"":[]}"
00000000000000000099,2.026429672212745E9,0.0,0.0,MUS,0.0,0.0,0.0,0.0,155,8.9932205E-4,8.9932205E-4,Mauritius,0.17515928997,4.99249096551,0,56.14302462551471,0.0,1894,"{""type"":""MultiPoint"",""coordinates"":[]}"
0000000000000000009c,3.910801801299019E8,3.083486919165244E-5,0.0,MYT,0.0,0.0,0.0,0.0,158,8.9932205E-4,8.9932205E-4,Mayotte,0.03259326441,2.23555920557,0,7.27090446845588,0.0,806,"{""type"":""MultiPoint"",""coordinates"":[]}"
000000000000000000a0,4.046418977475491E7,0.0,0.0,NFK,0.0,0.0,0.0,0.0,162,8.9932205E-4,8.9932205E-4,Norfolk Island,0.00376162451,0.41649734066,0,0.0,0.0,154,"{""type"":""MultiPoint"",""coordinates"":[]}"
000000000000000000a2,1.282147090380049E11,15.744199731705999,9.02493807694286,NIC,0.5946618846059766,0.2151754243803049,0.8759297601447799,0.3137051272676519,164,8.9932205E-4,8.9932205E-4,Nicaragua,10.6784266689,27.6892967418,0,97.36428519997546,0.0,6330,"{""type"":""MultiPoint"",""coordinates"":[]}"
000000000000000000a3,2.666796772850491E8,0.0,0.0,NIU,0.0,0.0,0.0,0.0,165,8.9932205E-4,8.9932205E-4,Niue,0.0228866149,0.6181947373,0,0.0,0.0,150,"{""type"":""MultiPoint"",""coordinates"":[]}"
000000000000000000a7,2.2108898225980394E7,0.0,0.0,NRU,0.0,0.0,0.0,0.0,169,8.9932205E-4,8.9932205E-4,Nauru,0.00179956436,0.15971442277,0,1.1919171422794117,0.0,39,"{""type"":""MultiPoint"",""coordinates"":[]}"
000000000000000000ac,5.403254675392156E7,0.0,0.0,PCN,0.0,0.0,0.0,0.0,174,8.9932205E-4,8.9932205E-4,Pitcairn Islands,0.00481457828,0.76405682887,0,0.0,0.0,216,"{""type"":""MultiPoint"",""coordinates"":[]}"
000000000000000000af,4.835871976659314E8,1.045157677017893E-4,0.0,PLW,0.0,0.0,0.0,0.0,177,8.9932205E-4,8.9932205E-4,Palau,0.03978746578,6.31287444218,0,0.7179691940196078,0.0,2364,"{""type"":""MultiPoint"",""coordinates"":[]}"
000000000000000000b2,8.9689765947549E9,1.9851642921630188,0.24839375674822955,PRI,0.23374288588258246,0.0,0.2984571161191146,0.0,180,8.9932205E-4,8.9932205E-4,Puerto Rico,0.76619261246,9.85417206551,0,259.9230367631386,0.0,3557,"{""type"":""MultiPoint"",""coordinates"":[]}"
000000000000000000b3,1.227478947294613E11,133.19620474670177,92.28648379995603,PRK,5.288837820174784,0.0,37.26525876901323,0.0,181,8.9932205E-4,8.9932205E-4,North Korea,12.9745080647,53.8807847655,0,400.70245801708364,0.0,15096,"{""type"":""MultiPoint"",""coordinates"":[]}"
000000000000000000b6,6.219548526447548E9,6.193632448870699,5.715175849052263,PSE,0.8504009778012805,0.4386519599216649,1.0112613271443065,0.5957435490786139,184,8.9932205E-4,8.9932205E-4,Palestina,0.59309999305,4.92351765438,0,108.30465353394597,0.0,261,"{""type"":""MultiPoint"",""coordinates"":[]}"
000000000000000000b8,1.162448247831789E10,0.25648044948726967,0.07301344582955194,QAT,0.07782117225232438,0.019108554240280642,0.08332229994599438,0.020459321228378444,186,8.9932205E-4,8.9932205E-4,Qatar,1.04195553678,9.04488664262,0,39.60640325605388,0.0,2801,"{""type"":""MultiPoint"",""coordinates"":[]}"
000000000000000000b9,2.512406093981127E9,0.0,0.0,REU,0.0,0.0,0.0,0.0,187,8.9932205E-4,8.9932205E-4,Reunion,0.2184663293,2.05663944606,0,40.66557762406858,0.0,639,"{""type"":""MultiPoint"",""coordinates"":[]}"
000000000000000000c0,6.948132869992639E8,0.015251550719141766,0.0,SGP,0.0,0.0,0.0,0.0,194,8.9932205E-4,8.9932205E-4,Singapore,0.05661136386,4.17287436162,0,43.68311512539226,0.0,1296,"{""type"":""MultiPoint"",""coordinates"":[]}"
000000000000000000c1,4.094414037981373E9,0.0,0.0,SGS,0.0,0.0,0.0,0.0,195,8.9932205E-4,8.9932205E-4,South Georgia and the South Sandwich Islands,0.5705028548,18.2633429191,0,0.0,0.0,4006,"{""type"":""MultiPoint"",""coordinates"":[]}"
000000000000000000c2,4.11055038727451E8,0.0,0.0,SHN,0.0,0.0,0.0,0.0,196,8.9932205E-4,8.9932205E-4,Saint Helena,0.03801316576,2.32457196847,0,0.0,0.0,783,"{""type"":""MultiPoint"",""coordinates"":[]}"
000000000000000000c3,6.033532786862167E10,0.0,0.0,SJM,0.0,0.0,0.0,0.0,197,8.9932205E-4,8.9932205E-4,Svalbard and Jan Mayen,25.0434391498,308.345027686,0,0.0,0.0,62316,"{""type"":""MultiPoint"",""coordinates"":[]}"
000000000000000000c9,2.2629265694117647E8,0.00992615073798626,0.0,SPM,0.0,0.0,0.0,0.0,203,8.9932205E-4,8.9932205E-4,Saint Pierre and Miquelon,0.02675836406,2.01809266792,0,0.0,0.0,658,"{""type"":""MultiPoint"",""coordinates"":[]}"
000000000000000000cc,1.0013985503791664E9,0.0,0.0,STP,0.0,0.0,0.0,0.0,206,8.9932205E-4,8.9932205E-4,São Tomé and Príncipe,0.08139777258,2.51786480671,0,6.330571734901961,0.0,942,"{""type"":""MultiPoint"",""coordinates"":[]}"
000000000000000000d2,3.796145297941174E7,6.037210984098573E-5,0.0,SXM,0.0,0.0,0.0,0.0,212,8.9932205E-4,8.9932205E-4,Sint Maarten,0.0032388701,0.42888078223,0,2.502590996740196,0.0,147,"{""type"":""MultiPoint"",""coordinates"":[]}"
000000000000000000d5,9.885975487624998E8,0.0011843959352707668,0.0,TCA,0.0,0.0,0.0,0.0,215,8.9932205E-4,8.9932205E-4,Turks and Caicos Islands,0.08654539912,7.74826858745,0,1.2796578933088236,0.0,2711,"{""type"":""MultiPoint"",""coordinates"":[]}"
000000000000000000da,1.4921982069362745E7,0.0,0.0,TKL,0.0,0.0,0.0,0.0,220,8.9932205E-4,8.9932205E-4,Tokelau,0.00124394211,1.12505200179,0,0.0,0.0,432,"{""type"":""MultiPoint"",""coordinates"":[]}"
000000000000000000dd,7.605748042377452E8,0.0,0.0,TON,0.0,0.0,0.0,0.0,223,8.9932205E-4,8.9932205E-4,Tonga,0.06574468153,8.03260084286,0,3.8065889980147056,0.0,2665,"{""type"":""MultiPoint"",""coordinates"":[]}"
000000000000000000de,5.15807587787304E9,0.3334918021204985,0.0,TTO,0.0,0.0,0.0,0.0,224,8.9932205E-4,8.9932205E-4,Trinidad and Tobago,0.42605966131,6.52684817025,0,71.3185812040441,0.0,2248,"{""type"":""MultiPoint"",""coordinates"":[]}"
000000000000000000e1,4.073175228431372E7,0.0,0.0,TUV,0.0,0.0,0.0,0.0,227,8.9932205E-4,8.9932205E-4,Tuvalu,0.00336803147,2.23825521685,0,0.0,0.0,686,"{""type"":""MultiPoint"",""coordinates"":[]}"
000000000000000000e2,3.640243613413921E10,30.22518592654161,22.763228450763982,TWN,3.589679881607259,0.0,11.353404560595827,0.0,228,8.9932205E-4,8.9932205E-4,Taiwan,3.22458034371,20.9546070698,0,657.8151310257338,0.0,6970,"{""type"":""MultiPoint"",""coordinates"":[]}"
000000000000000000e6,4.68968208254902E7,0.0,0.0,UMI,0.0,0.0,0.0,0.0,232,8.9932205E-4,8.9932205E-4,United States Minor Outlying Islands,0.00402044033,1.86067661294,0,0.0,0.0,621,"{""type"":""MultiPoint"",""coordinates"":[]}"
000000000000000000ea,542489.3541666666,0.0,0.0,VAT,0.0,0.0,0.0,0.0,236,8.9932205E-4,8.9932205E-4,Vatican City,5.812176E-5,0.03312880851,0,0.054248935416666665,0.0,11,"{""type"":""MultiPoint"",""coordinates"":[]}"
000000000000000000eb,3.974599044382354E8,0.0,0.0,VCT,0.0,0.0,0.0,0.0,237,8.9932205E-4,8.9932205E-4,Saint Vincent and the Grenadines,0.03316222838,2.38264185606,0,6.762916587843134,0.0,971,"{""type"":""MultiPoint"",""coordinates"":[]}"
000000000000000000ed,1.6878982829264703E8,1.5045492070781414E-4,0.0,VGB,0.0,0.0,0.0,0.0,239,8.9932205E-4,8.9932205E-4,British Virgin Islands,0.01447030273,3.20104397942,0,0.7834489532843137,0.0,1223,"{""type"":""MultiPoint"",""coordinates"":[]}"
000000000000000000ee,3.6147825298602945E8,0.004111240130344751,0.0,VIR,0.0,0.0,0.0,0.0,240,8.9932205E-4,8.9932205E-4,"Virgin Islands, U.S.",0.0308743604,3.46965448262,0,9.696903576372549,0.0,1351,"{""type"":""MultiPoint"",""coordinates"":[]}"
000000000000000000f1,1.5531838385416666E8,0.0,0.0,WLF,0.0,0.0,0.0,0.0,243,8.9932205E-4,8.9932205E-4,Wallis and Futuna,0.01300192912,1.39343512071,0,0.0,0.0,458,"{""type"":""MultiPoint"",""coordinates"":[]}"
000000000000000000f2,2.853051274120834E9,0.0,0.0,WSM,0.0,0.0,0.0,0.0,244,8.9932205E-4,8.9932205E-4,Samoa,0.2384703397,4.1719559247,0,10.917763262475493,0.0,1279,"{""type"":""MultiPoint"",""coordinates"":[]}"
000000000000000000f5,1.0122156012745097E7,0.0,0.0,XCL,0.0,0.0,0.0,0.0,247,8.9932205E-4,8.9932205E-4,Clipperton Island,8.3582379E-4,0.11202870155,0,0.0,0.0,38,"{""type"":""MultiPoint"",""coordinates"":[]}"
000000000000000000f8,1.916635397867647E7,0.0,0.0,XPI,0.0,0.0,0.0,0.0,250,8.9932205E-4,8.9932205E-4,Paracel Islands,0.00165847333,1.39517909389,0,0.0,0.0,351,"{""type"":""MultiPoint"",""coordinates"":[]}"
000000000000000000f9,1730079.9651960786,0.0,0.0,XSP,0.0,0.0,0.0,0.0,251,8.9932205E-4,8.9932205E-4,Spratly Islands,1.4220616E-4,0.15854858786,0,0.0,0.0,77,"{""type"":""MultiPoint"",""coordinates"":[]}"
00000000000000000001,6.438533053789713E11,184.67248003149362,116.21256161652416,AFG,13.567477529193189,5.595040164373911,91.56396928724601,38.77689210631926,2,8.9932205E-4,8.9932205E-4,Afghanistan,62.7495981343,57.0859313434,1,847.044410297083,0.0,6678,"{""type"":""MultiPoint"",""coordinates"":[]}"
00000000000000000002,1.247423013317481E12,113.06081699087602,0.07378922296098717,AGO,0.0301933114632925,2.366777813402163E-4,0.16441209285275343,0.0011833877233133584,3,8.9932205E-4,8.9932205E-4,Angola,103.818634904,67.9108551975,1,339.16680287267155,0.0,8784,"{""type"":""MultiPoint"",""coordinates"":[]}"
00000000000000000004,1.4953303434855387E9,0.4409387139722869,0.0,ALA,0.0015265280940886434,0.0,0.010217839692653087,0.0,5,8.9932205E-4,8.9932205E-4,Åland,0.24324723191,38.3520054283,1,0.8670546192034313,0.0,14392,"{""type"":""MultiPoint"",""coordinates"":[]}"
00000000000000000005,2.873402928606593E10,21.4632908092016,19.82357889251419,ALB,0.04031198508847895,0.00985499208664885,10.836151757094,3.295987415131721,6,8.9932205E-4,8.9932205E-4,Albania,3.08214275092,12.465430775,1,98.46209906926467,0.0,2749,"{""type"":""MultiPoint"",""coordinates"":[]}"
00000000000000000007,7.118671594913628E10,2.1309746917466543,1.922065977744195,ARE,1.298170129531432,1.1430554302497786,1.3226668840250733,1.1592817598819112,8,8.9932205E-4,8.9932205E-4,United Arab Emirates,6.31426548965,44.4554937705,1,174.07243691264713,0.0,9572,"{""type"":""MultiPoint"",""coordinates"":[]}"
00000000000000000008,2.780065054440948E12,3268.524285192562,1991.431413770724,ARG,11.715222122002167,1.4535206509419185,48.02295894293458,16.331964179744862,9,8.9932205E-4,8.9932205E-4,Argentina,278.267085075,192.035992321,1,1102.7619519951709,0.0,38917,"{""type"":""MultiPoint"",""coordinates"":[]}"
00000000000000000009,2.968898669373995E10,22.368391119426892,18.612321279064894,ARM,0.9156962836039745,0.07069663330981378,5.295077919119506,0.5523423715347251,10,8.9932205E-4,8.9932205E-4,Armenia,3.14485618228,13.9454480816,1,93.07463678132355,0.0,1247,"{""type"":""MultiPoint"",""coordinates"":[]}"
0000000000000000000d,7.687901621992933E12,3586.7759174864887,2264.992295569707,AUS,30.01262884864712,16.957240734165957,133.88699500811197,85.67185906609035,14,8.9932205E-4,8.9932205E-4,Australia,695.60468392,574.203654441,1,1130.8308373029647,0.0,176122,"{""type"":""MultiPoint"",""coordinates"":[]}"
0000000000000000000e,8.385582308514241E10,87.63863463428932,54.44344003750876,AUT,3.39936109830848,0.0,4.19813311979053,0.0,15,8.9932205E-4,8.9932205E-4,Austria,10.0280245498,28.314854217,1,264.45015551357835,0.0,4303,"{""type"":""MultiPoint"",""coordinates"":[]}"
0000000000000000000f,8.623220372167574E10,128.79890286815248,115.20839119495695,AZE,3.9246689722346804,1.891402545572242,53.515382576180066,23.485953060297316,16,8.9932205E-4,8.9932205E-4,Azerbaijan,9.13371979864,30.6866433372,1,313.4666543960295,0.0,2542,"{""type"":""MultiPoint"",""coordinates"":[]}"
00000000000000000010,2.693369747820882E10,28.57053184007316,23.49019127121511,BDI,3.3296208280364953E-6,0.0,0.13596429393183407,0.0,17,8.9932205E-4,8.9932205E-4,Burundi,2.1919620867,9.99781305747,1,434.4701683274759,0.0,2768,"{""type"":""MultiPoint"",""coordinates"":[]}"
00000000000000000011,3.0705951638638233E10,55.893448903924565,0.05936853591501323,BEL,0.3712939065152888,0.0,0.6348040271291768,0.0,18,8.9932205E-4,8.9932205E-4,Belgium,3.90245098074,15.2098109247,1,588.5630336059324,0.0,1705,"{""type"":""MultiPoint"",""coordinates"":[]}"
00000000000000000012,1.1541878257984389E11,184.6344832705208,81.69593206628092,BEN,0.03601332568040916,0.0,2.282453682760221,0.0,19,8.9932205E-4,8.9932205E-4,Benin,9.51156100918,19.6570346786,1,245.32421235585795,0.0,1867,"{""type"":""MultiPoint"",""coordinates"":[]}"
00000000000000000014,2.734137613543946E11,272.6651396113016,45.75795785504905,BFA,0.09115853465521949,2.434983778213452E-4,1.7621128672944941,0.0020291599123775845,21,8.9932205E-4,8.9932205E-4,Burkina Faso,22.7233412304,31.5288609705,1,261.8734611661029,0.0,2147,"{""type"":""MultiPoint"",""coordinates"":[]}"
00000000000000000015,1.3933888166195096E11,596.574668966335,553.2553079879843,BGD,224.82239132347163,183.15866074245966,285.9476955105452,231.7441151167705,22,8.9932205E-4,8.9932205E-4,Bangladesh,12.3550858002,96.1438249219,1,8209.058814776872,0.0,25313,"{""type"":""MultiPoint"",""coordinates"":[]}"
00000000000000000016,1.1158527295736078E11,248.9971668186307,240.29688828507508,BGR,4.2065508629827555,8.550269423366419E-5,21.98836610718181,2.241433713028039E-4,23,8.9932205E-4,8.9932205E-4,Bulgaria,12.2714121406,24.6098521053,1,197.62127712367658,0.0,5187,"{""type"":""MultiPoint"",""coordinates"":[]}"
00000000000000000018,1.3348271157428917E10,0.11131464215037201,4.655985168816114E-6,BHS,0.0,0.0,0.0,0.0,25,8.9932205E-4,8.9932205E-4,Bahamas,1.18986578425,97.9392598228,1,15.686191020563726,0.0,36373,"{""type"":""MultiPoint"",""coordinates"":[]}"
0000000000000000001b,2.0706651705119873E11,315.27136134600437,64.40889191988698,BLR,0.16594696586696125,0.0,1.1566253687821482,0.0,28,8.9932205E-4,8.9932205E-4,Belarus,28.0730182318,40.8896674666,1,269.61802652301463,0.0,4135,"{""type"":""MultiPoint"",""coordinates"":[]}"
0000000000000000001e,1.0833850805213135E12,142.33234173028822,1.189382960590957,BOL,0.03737695585886505,0.0,0.6814738079844802,0.0,31,8.9932205E-4,8.9932205E-4,Bolivia,91.9166243486,61.0226315404,1,210.4605178792158,0.0,5073,"{""type"":""MultiPoint"",""coordinates"":[]}"
0000000000000000001f,8.500291343571532E12,3084.2008549902994,686.0805920477476,BRA,23.440899736553664,0.027729890515810502,96.18950358362066,0.07859705038756276,32,8.9932205E-4,8.9932205E-4,Brazil,709.340668916,320.392556027,1,4856.702845723759,0.0,74210,"{""type"":""MultiPoint"",""coordinates"":[]}"
00000000000000000021,5.776505161920833E9,3.96881863217742E-5,0.0,BRN,0.0,0.0,0.0,0.0,34,8.9932205E-4,8.9932205E-4,Brunei,0.47080818301,6.24712146358,1,24.67007131002451,0.0,975,"{""type"":""MultiPoint"",""coordinates"":[]}"
00000000000000000022,3.876191617465957E10,0.8992556631183536,0.0,BTN,8.434162126778436E-6,0.0,0.007343072670570504,0.0,35,8.9932205E-4,8.9932205E-4,Bhutan,3.53696237851,10.8856760606,1,13.204425911225492,0.0,1889,"{""type"":""MultiPoint"",""coordinates"":[]}"
00000000000000000024,5.778806185503109E11,10.926769199576903,0.005188289182693083,BWA,0.0014956505883166088,1.0801098393365786E-4,0.026716963163960862,0.004312776975040373,37,8.9932205E-4,8.9932205E-4,Botswana,50.6397404315,39.4482229616,1,102.70088544176468,0.0,4702,"{""type"":""MultiPoint"",""coordinates"":[]}"
00000000000000000025,6.201934038865209E11,5.900772623826997,0.03345255561843874,CAF,0.0,0.0,0.0,0.0,38,8.9932205E-4,8.9932205E-4,Central African Republic,50.7300355338,49.5573433653,1,67.77888805931369,0.0,4922,"{""type"":""MultiPoint"",""coordinates"":[]}"
00000000000000000027,4.124209530635244E10,20.146920787032847,0.4240651305799958,CHE,0.05804737141004863,0.0,0.279671311345507,0.0,41,8.9932205E-4,8.9932205E-4,Switzerland,4.86034994298,20.3469428747,1,341.5732436484806,0.0,3793,"{""type"":""MultiPoint"",""coordinates"":[]}"
00000000000000000028,7.57404256478847E11,83.89087652827799,62.62565442459193,CHL,0.4876329080860101,0.06306620863410999,28.756533278605936,1.773929905221131,42,8.9932205E-4,8.9932205E-4,Chile,79.2679159714,1001.22147248,1,378.4461307946322,0.0,337157,"{""type"":""MultiPoint"",""coordinates"":[]}"
00000000000000000029,9.382168165926434E12,9285.136453770112,5992.988110612049,CHN,1126.114782178296,739.4822438308132,3024.859416548184,1588.3981913415337,43,8.9932205E-4,8.9932205E-4,China,951.913405034,482.43395596,1,56913.69268908341,0.0,109353,"{""type"":""MultiPoint"",""coordinates"":[]}"
0000000000000000002a,3.216537902073913E11,67.38237924528532,33.52033168609507,CIV,0.0,0.0,0.20020855073899613,0.04992910063888004,44,8.9932205E-4,8.9932205E-4,Côte d'Ivoire,26.3674429278,33.9012817547,1,310.62612073897066,0.0,4089,"{""type"":""MultiPoint"",""coordinates"":[]}"
0000000000000000002b,4.6603401295813715E11,126.72211297157696,27.650204098574147,CMR,0.0011100845030828023,6.699368695924178E-4,1.0694093292800406,0.22719167581993863,45,8.9932205E-4,8.9932205E-4,Cameroon,38.0782053747,48.9117657063,1,376.112596743137,0.0,8362,"{""type"":""MultiPoint"",""coordinates"":[]}"
0000000000000000002c,2.32911146095044E12,155.7095216660951,11.575460897044318,COD,0.0,0.0,0.06566610495450761,0.0,46,8.9932205E-4,8.9932205E-4,Democratic Republic of the Congo,189.996092108,93.9073165522,1,1062.1659515227207,0.0,8080,"{""type"":""MultiPoint"",""coordinates"":[]}"
0000000000000000002d,3.417289232371834E11,6.063761936542181,1.1952127820912863,COG,0.0,0.0,0.015286175898546408,0.0,47,8.9932205E-4,8.9932205E-4,Republic of Congo,27.7879674072,41.6123748684,1,66.06904804607844,0.0,3449,"{""type"":""MultiPoint"",""coordinates"":[]}"
0000000000000000002f,1.1367393933104033E12,51.807315970385645,1.2020925136287208,COL,0.33064650097932907,1.9990575018821638E-4,6.779550096989254,0.003998117872471354,49,8.9932205E-4,8.9932205E-4,Colombia,92.7095832199,100.040907902,1,684.9679646378185,0.0,20955,"{""type"":""MultiPoint"",""coordinates"":[]}"
00000000000000000032,5.117212464203994E10,8.832012966017981,5.680015616590518,CRI,0.2643412628996368,0.24751382615054882,1.5554835430341811,1.456446994216121,52,8.9932205E-4,8.9932205E-4,Costa Rica,4.21991312085,24.6313380551,1,137.92383811039198,0.0,7207,"{""type"":""MultiPoint"",""coordinates"":[]}"
00000000000000000033,1.1068941465461472E11,152.3002838481112,142.04158676309385,CUB,7.122723338747019,5.7312554059173895,15.799667676739734,12.709996698356942,53,8.9932205E-4,8.9932205E-4,Cuba,9.65948305181,136.978787591,1,239.92923714975493,0.0,50769,"{""type"":""MultiPoint"",""coordinates"":[]}"
00000000000000000037,5.719288497131865E9,8.622479734313137,4.444536090518596,CYP,0.8014374715528965,0.3568171329322699,1.5415211030335465,0.6767998147605206,57,8.9932205E-4,8.9932205E-4,Cyprus,0.56426302972,5.36962350971,1,30.61688715394608,0.0,1140,"{""type"":""MultiPoint"",""coordinates"":[]}"
00000000000000000038,7.883402361069705E10,183.31219580298168,150.70381629987432,CZE,0.16396287442895238,0.0,2.1770687162035047,0.0,58,8.9932205E-4,8.9932205E-4,Czech Republic,9.83388093974,25.3187199525,1,349.7857784473774,0.0,4948,"{""type"":""MultiPoint"",""coordinates"":[]}"
00000000000000000039,3.578306262719107E11,753.34062821334,311.31305516253366,DEU,9.99504103775599,0.0,12.826021190534714,0.0,59,8.9932205E-4,8.9932205E-4,Germany,45.9545929835,88.4897410892,1,3379.4895149252716,0.0,22984,"{""type"":""MultiPoint"",""coordinates"":[]}"
0000000000000000003a,2.1862603768419357E10,0.0,0.0,DJI,0.0,0.0,0.0,0.0,60,8.9932205E-4,8.9932205E-4,Djibouti,1.81322890797,8.40171274974,1,10.40177645752451,0.0,1613,"{""type"":""MultiPoint"",""coordinates"":[]}"
0000000000000000003c,4.313574900457843E10,124.15175208371832,85.38721572503324,DNK,13.259244931502508,0.0,13.681045219891242,0.0,62,8.9932205E-4,8.9932205E-4,Denmark,6.20426101286,84.4006847839,1,208.00015953375012,0.0,25808,"{""type"":""MultiPoint"",""coordinates"":[]}"
0000000000000000003d,4.808936262510123E10,27.42387441719183,20.48334702976505,DOM,0.7787250212444132,0.3138363283147957,3.7862658439545256,1.4266501669396268,63,8.9932205E-4,8.9932205E-4,Dominican Republic,4.12387846275,18.7209010287,1,201.4384569539461,0.0,5943,"{""type"":""MultiPoint"",""coordinates"":[]}"
0000000000000000003e,2.308037176708836E12,420.0213295580319,293.57411255459897,DZA,14.665699797427118,9.837615926325162,28.54123635105362,17.446214212559738,64,8.9932205E-4,8.9932205E-4,Algeria,212.634147495,78.3507537455,1,1062.809570943651,0.0,9979,"{""type"":""MultiPoint"",""coordinates"":[]}"
0000000000000000003f,2.56110071425542E11,28.726724746206404,25.182508375563778,ECU,1.6340428162233587,0.4426186579415386,8.398552499788067,2.3759575850824866,65,8.9932205E-4,8.9932205E-4,Ecuador,20.8191738148,46.3908386673,1,368.1767978010294,0.0,12377,"{""type"":""MultiPoint"",""coordinates"":[]}"
00000000000000000040,9.837600434636624E11,255.81203465727953,253.42809460948445,EGY,9.471095998832281,7.636934704069029,228.79208515451734,205.3316346329416,66,8.9932205E-4,8.9932205E-4,Egypt,89.2193777923,61.2624386967,1,2005.8374522762476,0.0,11652,"{""type"":""MultiPoint"",""coordinates"":[]}"
00000000000000000041,1.2045002550216788E11,25.11804692959222,11.514541083303534,ERI,0.05125359664332885,9.608283389207943E-4,0.3488607488398503,0.005237149189600109,67,8.9932205E-4,8.9932205E-4,Eritrea,10.1421197613,45.9354464942,1,34.2284748077451,0.0,11399,"{""type"":""MultiPoint"",""coordinates"":[]}"
00000000000000000043,5.060325710234306E11,873.580591956244,836.1935882712302,ESP,46.72284693324685,36.941355347442425,131.18787110343888,95.62053701934813,69,8.9932205E-4,8.9932205E-4,Spain,53.5927087736,98.5935168064,1,1241.7178980096328,0.0,30583,"{""type"":""MultiPoint"",""coordinates"":[]}"
00000000000000000044,4.5480831347023415E10,25.569701968839354,1.7598677526503896,EST,0.0,0.0,0.0,0.0,70,8.9932205E-4,8.9932205E-4,Estonia,7.03799943143,50.5865120379,1,45.27044871126223,0.0,17708,"{""type"":""MultiPoint"",""coordinates"":[]}"
00000000000000000045,1.1295116198424805E12,1383.7434243997627,321.19403626980016,ETH,0.0906499724387573,0.018542820061432822,16.060489610518722,2.386350310585772,71,8.9932205E-4,8.9932205E-4,Ethiopia,92.8863992252,48.316888418,1,1136.0792610809556,0.0,2293,"{""type"":""MultiPoint"",""coordinates"":[]}"
00000000000000000046,3.368989456291063E11,89.27938219111591,2.7708759802612697,FIN,0.1730188521827785,0.0,1.1567909718838485,0.0,72,8.9932205E-4,8.9932205E-4,Finland,62.92990549,218.724093643,1,238.49908416780627,0.0,61754,"{""type"":""MultiPoint"",""coordinates"":[]}"
00000000000000000049,5.4950347417954877E11,1146.7029206871093,753.71063638686,FRA,49.565563327750034,5.627219559221288,104.19141919544279,9.289819830592542,75,8.9932205E-4,8.9932205E-4,France,64.5130546021,109.544342869,1,1964.2436316686264,0.0,30239,"{""type"":""MultiPoint"",""coordinates"":[]}"
0000000000000000004c,2.645305186208958E11,0.12354483591568724,0.08576592359076618,GAB,0.0,0.0,0.007725727579636237,0.0,78,8.9932205E-4,8.9932205E-4,Gabon,21.4995467984,39.2902459417,1,45.228329419975466,0.0,7069,"{""type"":""MultiPoint"",""coordinates"":[]}"
0000000000000000004d,2.454582609509734E11,339.7929634452981,41.612248762551204,GBR,4.040503682804498,0.0,9.231092747101453,0.0,79,8.9932205E-4,8.9932205E-4,United Kingdom,33.7945290422,243.479211637,1,2256.86228648049,0.0,78785,"{""type"":""MultiPoint"",""coordinates"":[]}"
0000000000000000004e,6.984286996203555E10,28.643540594918495,13.334370755439195,GEO,0.0035474518751249596,0.0025711011538834304,5.249193283757353,0.9686006554934722,80,8.9932205E-4,8.9932205E-4,Georgia,7.61101666086,20.5981729143,1,114.2171881215196,0.0,2463,"{""type"":""MultiPoint"",""coordinates"":[]}"
00000000000000000050,2.3832064516781174E11,199.8998887031253,143.36341093696026,GHA,0.22635226899708327,0.0,1.1328607559280433,0.0,82,8.9932205E-4,8.9932205E-4,Ghana,19.5534274718,28.3701847286,1,590.8812342613969,0.0,4226,"{""type"":""MultiPoint"",""coordinates"":[]}"
00000000000000000052,2.447955074632554E11,14.65427599883321,1.6903120416906146,GIN,6.660228092480813E-4,0.0,0.18152585324123843,0.0,84,8.9932205E-4,8.9932205E-4,Guinea,20.2189691407,48.8513291187,1,136.46095930779404,0.0,8177,"{""type"":""MultiPoint"",""coordinates"":[]}"
00000000000000000054,1.066994641000098E10,24.001818179644623,2.845762829608795,GMB,2.2373026070141467E-4,0.0,0.042677867745808985,0.0,86,8.9932205E-4,8.9932205E-4,Gambia,0.89066748357,10.8325865621,1,37.456957197254944,0.0,1289,"{""type"":""MultiPoint"",""coordinates"":[]}"
00000000000000000055,3.387216710365171E10,3.3949209585333726,1.7720658760372476,GNB,0.01836974524702578,0.008092894931822884,0.11020516337445249,0.04492489692358345,87,8.9932205E-4,8.9932205E-4,Guinea-Bissau,2.8127748883,41.167893239,1,20.899101289289213,0.0,11505,"{""type"":""MultiPoint"",""coordinates"":[]}"
00000000000000000057,1.3255189333736295E11,173.06694716060164,161.89777366905403,GRC,29.446566416342943,17.51482287672352,66.8336700799883,35.957741077296554,89,8.9932205E-4,8.9932205E-4,Greece,13.7991084688,165.753998807,1,227.50969488117673,0.0,57217,"{""type"":""MultiPoint"",""coordinates"":[]}"
0000000000000000005a,1.0914881990825073E11,28.46057439871986,27.474503988605008,GTM,0.9979408769867122,0.8513462331501936,2.661280603439086,2.0865880377425547,92,8.9932205E-4,8.9932205E-4,Guatemala,9.20357888894,19.7697838536,1,430.28757828240145,0.0,2509,"{""type"":""MultiPoint"",""coordinates"":[]}"
0000000000000000005d,2.0973673694342035E11,11.731325172503233,4.880429540694628,GUY,0.0,0.0,2.470074222546536,0.0,95,8.9932205E-4,8.9932205E-4,Guyana,17.1065910901,33.702423286,1,31.817305741078428,0.0,5952,"{""type"":""MultiPoint"",""coordinates"":[]}"
0000000000000000005e,1.1265271811205893E9,0.00763349537548234,0.0,HKG,0.0,0.0,1.6532248408887524E-4,0.0,96,8.9932205E-4,8.9932205E-4,Hong Kong,0.09900136554,8.21829550686,1,45.316698631593134,0.0,3090,"{""type"":""MultiPoint"",""coordinates"":[]}"
00000000000000000060,1.1228135019510587E11,8.096291853026987,5.432767782128683,HND,0.0749870512710658,0.06607734620582456,0.6053574005970372,0.49789911953595734,98,8.9932205E-4,8.9932205E-4,Honduras,9.42860952703,32.2743651879,1,133.0590631610049,0.0,7524,"{""type"":""MultiPoint"",""coordinates"":[]}"
00000000000000000061,5.706681140193655E10,64.15819981975638,47.170473565657545,HRV,0.042614871337931876,0.0,0.14097645882540574,0.0,99,8.9932205E-4,8.9932205E-4,Croatia,6.51765522845,79.6571320772,1,137.67047126794122,0.0,22610,"{""type"":""MultiPoint"",""coordinates"":[]}"
00000000000000000062,2.7104201363E10,6.46459902497118,4.921469913644431,HTI,0.20999403570021272,0.0035564959747535945,1.434711097515616,0.016165948434858135,100,8.9932205E-4,8.9932205E-4,Haiti,2.32501473427,21.4980767242,1,365.67278237100476,0.0,6553,"{""type"":""MultiPoint"",""coordinates"":[]}"
00000000000000000063,9.305163810865294E10,318.86712057330266,311.5342686749358,HUN,2.774758461850738,0.0,13.284580879590349,0.0,101,8.9932205E-4,8.9932205E-4,Hungary,11.0403148651,22.7026803918,1,348.1732909083332,0.0,2758,"{""type"":""MultiPoint"",""coordinates"":[]}"
00000000000000000064,1.8898750367501897E12,688.9025203173661,390.9339796727526,IDN,1.5687071956218643,0.5704334817632222,157.97375644790864,57.255953512414884,102,8.9932205E-4,8.9932205E-4,Indonesia,153.923330753,871.757637934,1,9433.86057668961,0.0,244053,"{""type"":""MultiPoint"",""coordinates"":[]}"
00000000000000000066,3.152683206257824E12,11344.734716258845,10944.809771357317,IND,3709.3491303995997,3158.888651383781,5617.4657185705355,4704.332589969646,104,8.9932205E-4,8.9932205E-4,India,278.744039445,309.047883474,1,43070.26772682381,0.0,73805,"{""type"":""MultiPoint"",""coordinates"":[]}"
00000000000000000068,7.035648674423308E10,25.455121620200803,0.0,IRL,0.003316947404729298,0.0,0.01658474825622076,0.0,106,8.9932205E-4,8.9932205E-4,Ireland,9.45841356389,89.7770107419,1,115.01663044950976,0.0,28864,"{""type"":""MultiPoint"",""coordinates"":[]}"
00000000000000000069,1.6217198555293145E12,1035.8358408582635,799.8143235567393,IRN,218.1482191398547,181.43833757851456,380.41106632015095,302.30411261258433,107,8.9932205E-4,8.9932205E-4,Iran,155.990919346,105.020631756,1,1582.961966033701,0.0,18204,"{""type"":""MultiPoint"",""coordinates"":[]}"
0000000000000000006a,4.453557383910638E11,360.9823833498504,179.01541001184344,IRQ,7.088122542127883,5.175301766640491,115.0882228000153,83.63642739002145,108,8.9932205E-4,8.9932205E-4,Iraq,42.9971167402,35.312563938,1,825.4272030661033,0.0,1750,"{""type"":""MultiPoint"",""coordinates"":[]}"
0000000000000000006c,2.2157522596972054E10,36.035867321213516,35.22785805650234,ISR,5.35067962783525,4.538881016883617,10.496578751511684,8.962792885918384,110,8.9932205E-4,8.9932205E-4,Israel,2.10295426475,12.1183109555,1,189.35008631629907,0.0,1070,"{""type"":""MultiPoint"",""coordinates"":[]}"
0000000000000000006d,3.0073711929139014E11,567.9692694717221,515.5257224295191,ITA,58.169031901236295,15.880771701199913,182.99849220878102,30.92458703452886,111,8.9932205E-4,8.9932205E-4,Italy,33.1264247936,112.46595748,1,2186.716151066569,0.0,33719,"{""type"":""MultiPoint"",""coordinates"":[]}"
00000000000000000070,8.911687589087451E10,19.81750907390193,14.719213251342861,JOR,1.2316392341943136,1.0329488773338502,2.8230258508713364,2.4355314291485906,114,8.9932205E-4,8.9932205E-4,Jordan,8.43963725353,16.4561307657,1,163.1123548064708,0.0,387,"{""type"":""MultiPoint"",""coordinates"":[]}"
00000000000000000072,2.730523101427681E12,1299.2706318148184,1046.1645974215892,KAZ,5.5912605735759096,4.049227096106409,79.58734535839842,54.149926990978784,116,8.9932205E-4,8.9932205E-4,Kazakhstan,330.561244201,168.967677847,1,586.3200830640441,0.0,7811,"{""type"":""MultiPoint"",""coordinates"":[]}"
00000000000000000073,5.859746065370277E11,434.100770067349,58.02573206028808,KEN,0.027687767818794787,3.272982472683536E-5,3.9037829163181907,0.0036391011226726347,117,8.9932205E-4,8.9932205E-4,Kenya,47.6425151642,44.2797514716,1,2193.26470713355,0.0,6369,"{""type"":""MultiPoint"",""coordinates"":[]}"
00000000000000000074,1.9864476280655643E11,90.61492368362791,76.34995573358496,KGZ,0.3306423027405109,0.22252637971690375,39.043023242703974,24.6449602355708,118,8.9932205E-4,8.9932205E-4,Kyrgyzstan,21.4131060961,43.6823272612,1,185.80688235075988,0.0,3135,"{""type"":""MultiPoint"",""coordinates"":[]}"
00000000000000000075,1.8135152049612137E11,439.03065675657473,99.55302548340323,KHM,0.020728483904954183,0.0038453639505164543,35.547957050569394,20.454984513169997,119,8.9932205E-4,8.9932205E-4,Cambodia,15.0961853159,35.1271008729,1,842.5763314926955,0.0,8971,"{""type"":""MultiPoint"",""coordinates"":[]}"
00000000000000000076,1.0073577119666668E9,0.0,0.0,KIR,0.0,0.0,0.0,0.0,120,8.9932205E-4,8.9932205E-4,Kiribati,0.0821725162,18.5027514655,1,1.317030113259804,0.0,5630,"{""type"":""MultiPoint"",""coordinates"":[]}"
00000000000000000078,1.0020093744464262E11,109.66528074552393,53.2014798560062,KOR,1.0271212039465651,0.0,18.319549831763297,0.0,122,8.9932205E-4,8.9932205E-4,South Korea,10.0641047531,119.469679046,1,1061.185133557302,0.0,44945,"{""type"":""MultiPoint"",""coordinates"":[]}"
0000000000000000007a,2.299951432169124E11,95.23048661209803,35.594253464096084,LAO,0.008282902265344493,0.006232461893989457,3.542590513027238,2.6275051210853757,124,8.9932205E-4,8.9932205E-4,Laos,19.6894773112,47.9135263504,1,145.46577445237756,0.0,9842,"{""type"":""MultiPoint"",""coordinates"":[]}"
0000000000000000007b,1.0237204721372303E10,8.469304133880108,8.049752498173294,LBN,2.0990313734251034,2.008095696166432,3.386189678974771,3.123618733581795,125,8.9932205E-4,8.9932205E-4,Lebanon,0.99814207999,7.25061491059,1,182.24624736213212,0.0,1738,"{""type"":""MultiPoint"",""coordinates"":[]}"
0000000000000000007c,9.591555057527475E10,0.01707338259918656,0.0,LBR,0.0,0.0,0.0,0.0,126,8.9932205E-4,8.9932205E-4,Liberia,7.84172195698,20.1316886218,1,55.813025749166705,0.0,3608,"{""type"":""MultiPoint"",""coordinates"":[]}"
0000000000000000007d,1.6160599250084768E12,62.46597270054158,43.49611287358879,LBY,14.124109955487581,12.49706239921189,14.860421088974123,13.131752545111326,127,8.9932205E-4,8.9932205E-4,Libya,147.204583548,62.0391291572,1,261.5765374287008,0.0,7654,"{""type"":""MultiPoint"",""coordinates"":[]}"
0000000000000000007f,1.619562636669118E8,0.043276326866870156,0.0,LIE,0.0,0.0,0.0,0.0,129,8.9932205E-4,8.9932205E-4,Liechtenstein,0.01921581507,0.74858838288,1,3.9024192757598035,0.0,135,"{""type"":""MultiPoint"",""coordinates"":[]}"
00000000000000000080,6.5830391993162994E10,75.79646593681494,54.88946984357376,LKA,0.0822999379963973,0.055332848575392196,11.668651491768768,7.678051358264623,130,8.9932205E-4,8.9932205E-4,Sri Lanka,5.39567567298,27.5135820087,1,1373.6977010354396,0.0,9116,"{""type"":""MultiPoint"",""coordinates"":[]}"
00000000000000000081,3.0543596487408092E10,18.23577069920964,0.0846192193771796,LSO,1.5795076486858618E-4,0.0,0.008829951866134464,0.0,131,8.9932205E-4,8.9932205E-4,Lesotho,2.84427337603,10.3680190824,1,56.40830714703432,0.0,2789,"{""type"":""MultiPoint"",""coordinates"":[]}"
00000000000000000082,6.501512134437205E10,74.07259740772115,29.24961087006511,LTU,0.0,0.0,0.0,0.0,132,8.9932205E-4,8.9932205E-4,Lithuania,9.20321975647,23.0337129322,1,104.59196368041681,0.0,3322,"{""type"":""MultiPoint"",""coordinates"":[]}"
00000000000000000083,2.5812187520904408E9,3.392596921348759,0.0,LUX,0.0,0.0,0.0,0.0,133,8.9932205E-4,8.9932205E-4,Luxembourg,0.32225143967,3.55017538096,1,21.852143643284275,0.0,581,"{""type"":""MultiPoint"",""coordinates"":[]}"
00000000000000000084,6.470857104152108E10,34.90796936363687,10.966570757115733,LVA,0.0,0.0,0.0,0.0,134,8.9932205E-4,8.9932205E-4,Latvia,9.52490853396,24.6323230123,1,69.58615281306365,0.0,3805,"{""type"":""MultiPoint"",""coordinates"":[]}"
00000000000000000085,3.392118870563726E7,2.1273383215357196E-4,0.0,MAC,0.0,0.0,0.0,0.0,135,8.9932205E-4,8.9932205E-4,Macao,0.0029792247,0.75014751065,1,2.358192981348039,0.0,194,"{""type"":""MultiPoint"",""coordinates"":[]}"
00000000000000000087,4.1348315423571844E11,523.9692723606396,485.3210892692432,MAR,30.015869392585596,26.430414130312073,77.65242304357217,68.46373852225811,137,8.9932205E-4,8.9932205E-4,Morocco,39.4213993675,42.8971230864,1,671.5937328403188,0.0,8605,"{""type"":""MultiPoint"",""coordinates"":[]}"
00000000000000000088,2336897.1401960785,0.0,0.0,MCO,0.0,0.0,0.0,0.0,138,8.9932205E-4,8.9932205E-4,Monaco,2.6380303E-4,0.10147838872,1,0.23368971401960786,0.0,28,"{""type"":""MultiPoint"",""coordinates"":[]}"
00000000000000000089,3.3906478177232605E10,126.85535810513858,126.71024582691895,MDA,0.0014091970497588722,0.0,12.146817904851607,0.35261392360859733,139,8.9932205E-4,8.9932205E-4,Moldova,4.02583334597,19.5992067728,1,134.60310351012248,0.0,3177,"{""type"":""MultiPoint"",""coordinates"":[]}"
0000000000000000008a,5.914156460583204E11,123.27890157551595,22.515658563745653,MDG,0.0,0.0,12.259963560026094,0.23639371916507385,140,8.9932205E-4,8.9932205E-4,Madagascar,50.9381164861,90.8610145796,1,364.07259064161747,0.0,29525,"{""type"":""MultiPoint"",""coordinates"":[]}"
0000000000000000008b,2.8906486702426475E8,0.0,0.0,MDV,0.0,0.0,0.0,0.0,141,8.9932205E-4,8.9932205E-4,Maldives,0.0238242664,17.7243675547,1,1.6435593647058824,0.0,7561,"{""type"":""MultiPoint"",""coordinates"":[]}"
0000000000000000008c,1.9519488459224695E12,918.3802964656878,688.8891513137448,MEX,96.20244692175213,80.99647399464475,275.1468794352317,233.73847480810034,142,8.9932205E-4,8.9932205E-4,Mexico,173.686273654,267.202098473,1,2621.348387572718,0.0,76353,"{""type"":""MultiPoint"",""coordinates"":[]}"
0000000000000000008e,2.4824649729231373E10,24.050154728444284,21.622164889871083,MKD,0.3075229613329369,0.046895030002540375,6.3526888504199475,1.2061331925553636,144,8.9932205E-4,8.9932205E-4,Macedonia,2.68088579438,8.02987836118,1,65.96725001987744,0.0,891,"{""type"":""MultiPoint"",""coordinates"":[]}"
0000000000000000008f,1.251187129261863E12,452.00328639057363,61.02692430607351,MLI,0.01685807372104716,0.005107242701089585,4.8515177563012415,1.2712171476167962,145,8.9932205E-4,8.9932205E-4,Mali,106.559113912,69.3518241445,1,181.01906139637262,0.0,4448,"{""type"":""MultiPoint"",""coordinates"":[]}"
00000000000000000091,6.691962077892188E11,993.761171978582,738.7915013922628,MMR,11.584048914534453,1.1064387830337836,246.33373405424737,23.417294004429234,147,8.9932205E-4,8.9932205E-4,Myanmar,58.3010433489,211.949598297,1,1062.9145151919363,0.0,55743,"{""type"":""MultiPoint"",""coordinates"":[]}"
00000000000000000093,1.56624607845934E12,24.719854555433688,0.4031049312537669,MNG,0.11699632037639841,0.03133602846679543,0.6536310994812892,0.07659486452686026,149,8.9932205E-4,8.9932205E-4,Mongolia,184.82662559,90.0418503243,1,63.596078812279394,0.0,3459,"{""type"":""MultiPoint"",""coordinates"":[]}"
00000000000000000095,7.87267440440648E11,179.13366789596762,2.3026162854002767,MOZ,0.010096412370231749,0.0,2.0912347460193894,0.0,151,8.9932205E-4,8.9932205E-4,Mozambique,67.0576129339,105.907888226,1,421.4361700672793,0.0,23659,"{""type"":""MultiPoint"",""coordinates"":[]}"
00000000000000000096,1.0411655801840483E12,1.933884658758836,0.6683322963080056,MRT,0.007136064358941765,0.006197700498315591,0.3038477646395483,0.2848795797812636,152,8.9932205E-4,8.9932205E-4,Mauritania,90.1414056315,57.9318265617,1,56.163983032034324,0.0,5460,"{""type"":""MultiPoint"",""coordinates"":[]}"
0000000000000000009a,1.1802521867401053E11,170.59981077590493,4.35364901252451,MWI,7.368743663231954E-4,4.037288080643708E-5,0.9958981040123699,0.07791750248597248,156,8.9932205E-4,8.9932205E-4,Malawi,9.84796868859,27.03273917,1,723.8929601111529,0.0,3485,"{""type"":""MultiPoint"",""coordinates"":[]}"
0000000000000000009b,3.293245569453752E11,29.67604308793732,10.611424241950896,MYS,0.39641784293930643,0.0,5.32925623440336,0.0,157,8.9932205E-4,8.9932205E-4,Malaysia,26.8247169664,131.973135968,1,1005.3798781865928,0.0,34875,"{""type"":""MultiPoint"",""coordinates"":[]}"
0000000000000000009d,8.238424567356938E11,35.209312179536504,0.4806995359779018,NAM,0.02056277502267861,4.2158941907153875E-4,0.15117636242387272,0.11212678247212124,159,8.9932205E-4,8.9932205E-4,Namibia,72.2342631656,53.7470093312,1,39.89374099725489,0.0,7409,"{""type"":""MultiPoint"",""coordinates"":[]}"
0000000000000000009e,1.881900561841838E10,0.1312155948149338,0.0,NCL,0.0,0.0,0.0,0.0,160,8.9932205E-4,8.9932205E-4,New Caledonia,1.63865878033,30.0129646795,1,5.714764381985295,0.0,9720,"{""type"":""MultiPoint"",""coordinates"":[]}"
0000000000000000009f,1.1836632091215603E12,703.6786749310418,662.1464379082556,NER,0.013912850536820945,0.005045666468966845,0.6688114511859106,0.21840820153471763,161,8.9932205E-4,8.9932205E-4,Niger,100.778452892,52.6877473133,1,172.89167012568626,0.0,2340,"{""type"":""MultiPoint"",""coordinates"":[]}"
000000000000000000a1,9.0831409779928E11,2831.366241463755,1359.9855191376657,NGA,2.274784654705403,0.5320751088668818,30.60139752695507,2.6447683542637357,163,8.9932205E-4,8.9932205E-4,Nigeria,74.8775279304,105.47458853,1,3677.9810798557833,0.0,24892,"{""type"":""MultiPoint"",""coordinates"":[]}"
000000000000000000a4,3.7663560989366425E10,61.17856332557275,0.2960206702544739,NLD,5.458412467483098,0.0,9.186695574455745,0.0,166,8.9932205E-4,8.9932205E-4,Netherlands,4.95831371711,24.7542004124,1,680.5022627644854,0.0,5185,"{""type"":""MultiPoint"",""coordinates"":[]}"
000000000000000000a5,3.2506038828196497E11,20.73452513177206,1.8138133260593645,NOR,0.06438100967730993,0.0,0.9611900035620325,0.0,167,8.9932205E-4,8.9932205E-4,Norway,60.7507850682,695.356895253,1,197.08580790031863,0.0,184057,"{""type"":""MultiPoint"",""coordinates"":[]}"
000000000000000000a6,1.4765938343377084E11,145.65816038068954,113.79394346665894,NPL,23.28065598659762,18.282659148773934,72.43120141415983,52.225791450867014,168,8.9932205E-4,8.9932205E-4,Nepal,13.5804215287,31.226901391,1,1699.7637129592883,0.0,4235,"{""type"":""MultiPoint"",""coordinates"":[]}"
000000000000000000a8,2.686910977647169E11,33.34043415814627,6.95269408689358,NZL,0.0,0.0,5.7303523001924725,0.15979157304064634,170,8.9932205E-4,8.9932205E-4,New Zealand,29.1658868864,174.484157702,1,207.43535530671573,0.0,55991,"{""type"":""MultiPoint"",""coordinates"":[]}"
000000000000000000a9,3.093257099606843E11,1.2602427787692694,0.7526164312160091,OMN,0.4392948218233263,0.3249253944133506,0.4967435687405635,0.3769190358310112,171,8.9932205E-4,8.9932205E-4,Oman,26.8176545416,43.3087708841,1,124.99324031732847,0.0,9821,"{""type"":""MultiPoint"",""coordinates"":[]}"
000000000000000000aa,8.741361295674717E11,1500.72096476959,1472.6074014716112,PAK,414.79026861708576,323.39911215650113,1200.167224710348,1009.5325515111425,172,8.9932205E-4,8.9932205E-4,Pakistan,81.8395160586,102.673311527,1,6341.686281518458,0.0,15969,"{""type"":""MultiPoint"",""coordinates"":[]}"
000000000000000000ab,7.50882980156287E10,3.128352977473264,0.7407043392615823,PAN,0.0011287449016214382,0.0,0.07566915754013225,0.014444751535893188,173,8.9932205E-4,8.9932205E-4,Panama,6.16774117302,59.5765134011,1,83.69486608852934,0.0,20780,"{""type"":""MultiPoint"",""coordinates"":[]}"
000000000000000000ad,1.2928030079867544E12,74.87096254351063,29.54930432269454,PER,7.204390394405272,3.8003492611331624,30.972597219354896,15.706656188211053,175,8.9932205E-4,8.9932205E-4,Peru,106.665078941,92.6896184536,1,493.458568507745,0.0,22428,"{""type"":""MultiPoint"",""coordinates"":[]}"
000000000000000000ae,2.9576850730570636E11,305.81992826384334,97.25827376827964,PHL,4.693873096798565,0.0,51.02388734569939,0.0,176,8.9932205E-4,8.9932205E-4,Philippines,24.5843378885,300.068967528,1,3869.1664122731895,0.0,96273,"{""type"":""MultiPoint"",""coordinates"":[]}"
000000000000000000b0,4.635685716099322E11,1.4948768102743915,0.0,PNG,0.0,0.0,0.0,0.0,178,8.9932205E-4,8.9932205E-4,Papua New Guinea,37.919094169,191.564770341,1,144.93964878370102,0.0,54089,"{""type"":""MultiPoint"",""coordinates"":[]}"
000000000000000000b1,3.123973852638544E11,718.0835052186964,385.21479085674764,POL,0.0955597798521937,0.0,1.012702187369993,0.0,179,8.9932205E-4,8.9932205E-4,Poland,41.0111574096,44.8906145184,1,1206.3406158376977,0.0,8655,"{""type"":""MultiPoint"",""coordinates"":[]}"
000000000000000000b4,9.186962394418405E10,51.396575291306384,48.82941085597512,PRT,4.7841844574378065,3.0671842501602,9.99356349389799,6.825176165382378,182,8.9932205E-4,8.9932205E-4,Portugal,9.63760759423,41.4019056716,1,465.25959840245093,0.0,12320,"{""type"":""MultiPoint"",""coordinates"":[]}"
000000000000000000b5,3.995827858437543E11,155.5070044362364,0.45805733740275717,PRY,0.08723877357090422,0.0,0.8913113083670345,0.0,183,8.9932205E-4,8.9932205E-4,Paraguay,35.2795256201,34.8787415777,1,154.59149291803888,0.0,2779,"{""type"":""MultiPoint"",""coordinates"":[]}"
000000000000000000b7,4.0331245642073517E9,0.0,0.0,PYF,0.0,0.0,0.0,0.0,185,8.9932205E-4,8.9932205E-4,French Polynesia,0.34199446137,72.0529713028,1,9.318532989068627,0.0,22793,"{""type"":""MultiPoint"",""coordinates"":[]}"
000000000000000000ba,2.3833498758912134E11,497.96215958229834,488.7516794946837,ROU,11.696781973171602,0.0,112.35350086274642,0.0,188,8.9932205E-4,8.9932205E-4,Romania,27.6077622654,37.0588897273,1,527.6660582163482,0.0,7337,"{""type"":""MultiPoint"",""coordinates"":[]}"
000000000000000000bb,1.6925796446124477E13,5453.710598716241,4275.203537056011,RUS,11.267450624129447,3.1148681281374495,60.94310816089261,16.755877755900382,189,8.9932205E-4,8.9932205E-4,Russia,2920.75048608,2620.61130777,1,4747.920064878702,0.0,539557,"{""type"":""MultiPoint"",""coordinates"":[]}"
000000000000000000bc,2.5275969797504166E10,76.82562043011727,47.00927701104867,RWA,0.0029075075787941755,0.0,0.31799430008190877,0.0,190,8.9932205E-4,8.9932205E-4,Rwanda,2.05482048904,9.17844563132,1,821.6024580185058,0.0,2386,"{""type"":""MultiPoint"",""coordinates"":[]}"
000000000000000000bd,1.9159691476908967E12,117.53024850794793,95.78774276260789,SAU,44.90999507574955,42.2703190334331,46.700252439033655,43.83928179653485,191,8.9932205E-4,8.9932205E-4,Saudi Arabia,170.460612198,109.258449634,1,713.2163443253185,0.0,23455,"{""type"":""MultiPoint"",""coordinates"":[]}"
000000000000000000be,1.872115889595233E12,1445.417946119677,710.0117451693735,SDN,4.490015650243856,4.059678030757641,123.02879091446347,110.38672141935685,192,8.9932205E-4,8.9932205E-4,Sudan,158.38175133,78.1446321883,1,553.9025521127692,0.0,7486,"{""type"":""MultiPoint"",""coordinates"":[]}"
000000000000000000bf,1.9688373576369357E11,289.6629697783547,71.24170635081907,SEN,0.19751831326360988,0.17502481843711776,2.4308182151256377,2.1077553549027073,193,8.9932205E-4,8.9932205E-4,Senegal,16.5006922366,30.7422067764,1,174.7332603135293,0.0,4878,"{""type"":""MultiPoint"",""coordinates"":[]}"
000000000000000000c4,2.8494636026243374E10,0.0020915051542395643,0.0,SLB,0.0,0.0,0.0,0.0,198,8.9932205E-4,8.9932205E-4,Solomon Islands,2.34489130618,90.4092445653,1,5.02164296620098,0.0,30987,"{""type"":""MultiPoint"",""coordinates"":[]}"
000000000000000000c5,7.25938739519652E10,1.9283888388002728,0.35778532331042656,SLE,2.375351706890056E-5,0.0,0.03580962641621912,0.0,199,8.9932205E-4,8.9932205E-4,Sierra Leone,5.96323009435,21.2335905313,1,85.41711182975487,0.0,4811,"{""type"":""MultiPoint"",""coordinates"":[]}"
000000000000000000c6,2.041874048570907E10,6.652852410509006,5.690532606832434,SLV,0.02783722132148224,0.0031266417088403977,0.2979861611689799,0.06456343928938606,200,8.9932205E-4,8.9932205E-4,El Salvador,1.70668669423,11.5348574469,1,166.1897508021815,0.0,2869,"{""type"":""MultiPoint"",""coordinates"":[]}"
000000000000000000c7,6.108913380857843E7,0.07919148598842182,0.07793932144730108,SMR,5.985477587286716E-4,0.0,0.002115979063687079,0.0,201,8.9932205E-4,8.9932205E-4,San Marino,0.00685810175,0.404070468,1,2.0967735418872544,0.0,104,"{""type"":""MultiPoint"",""coordinates"":[]}"
000000000000000000c8,6.335297804317621E11,74.46970916700944,17.6076962925139,SOM,0.06634780645459218,0.05919449849287549,4.730016356783669,2.5137790316696647,202,8.9932205E-4,8.9932205E-4,Somalia,51.8468895918,54.117109685,1,93.38242803205877,0.0,9576,"{""type"":""MultiPoint"",""coordinates"":[]}"
000000000000000000ca,7.822954640555122E10,171.1989829559481,167.42587510297906,SRB,0.15075198251569738,0.0,3.5035656009625256,0.0,204,8.9932205E-4,8.9932205E-4,Serbia,8.81271385927,23.1973171849,1,247.95720784850485,0.0,3043,"{""type"":""MultiPoint"",""coordinates"":[]}"
000000000000000000cb,6.280936289618933E11,19.33816239899075,12.57941629149056,SSD,3.9070806427847416E-5,4.836445573159517E-7,0.001261142672697281,1.3013326057267664E-5,205,8.9932205E-4,8.9932205E-4,South Sudan,51.457545266,46.0787849495,1,133.62362116779414,0.0,2579,"{""type"":""MultiPoint"",""coordinates"":[]}"
000000000000000000cd,1.4642396082828012E11,3.4105677949229,0.5012012541452823,SUR,0.0,0.0,1.6069193565774742,0.0,207,8.9932205E-4,8.9932205E-4,Suriname,11.9278269923,19.013562059,1,22.628972649436268,0.0,2402,"{""type"":""MultiPoint"",""coordinates"":[]}"
000000000000000000ce,4.909776964297573E10,93.04828619495596,75.83052579958479,SVK,0.8209017787902161,0.0,10.643833012351914,0.0,208,8.9932205E-4,8.9932205E-4,Slovakia,5.99940098874,17.6789709683,1,162.98348996058817,0.0,2387,"{""type"":""MultiPoint"",""coordinates"":[]}"
000000000000000000cf,1.9980066016213722E10,9.672493635520766,3.316805418322171,SVN,0.006668441735627837,0.0,0.06497738935363603,0.0,209,8.9932205E-4,8.9932205E-4,Slovenia,2.32582866933,12.085269244,1,70.66824235960785,0.0,1139,"{""type"":""MultiPoint"",""coordinates"":[]}"
000000000000000000d0,4.499925823966654E11,96.7764287736571,34.65852585589576,SWE,1.0062261887261152,0.0,3.2072503975846978,0.0,210,8.9932205E-4,8.9932205E-4,Sweden,79.2269663388,305.081040733,1,389.0812313759684,0.0,97353,"{""type"":""MultiPoint"",""coordinates"":[]}"
000000000000000000d1,1.738279281064534E10,6.378243775683417,3.2396727972504804,SWZ,0.03972135898625106,0.0,1.990468789859233,0.0,211,8.9932205E-4,8.9932205E-4,Swaziland,1.57473965853,5.18162863339,1,22.748323391397047,0.0,212,"{""type"":""MultiPoint"",""coordinates"":[]}"
000000000000000000d3,4.892768727338234E8,0.0,0.0,SYC,0.0,0.0,0.0,0.0,213,8.9932205E-4,8.9932205E-4,Seychelles,0.04016466431,6.9756895165,1,5.5671314324019585,0.0,2484,"{""type"":""MultiPoint"",""coordinates"":[]}"
000000000000000000d4,1.869159394487475E11,349.8060954067259,267.2714098925061,SYR,58.58877412891353,54.1607814769485,96.68182163213856,87.45843860448997,214,8.9932205E-4,8.9932205E-4,Syria,18.4656708989,24.4827879384,1,478.0647908520346,0.0,2098,"{""type"":""MultiPoint"",""coordinates"":[]}"
000000000000000000d6,1.2699493787410186E12,347.54504708833593,21.361664121985378,TCD,0.03910776161625913,8.751347710059568E-4,7.590000137622643,0.005076551162996006,216,8.9932205E-4,8.9932205E-4,Chad,107.134677309,55.9643386778,1,148.36815283816182,0.0,3515,"{""type"":""MultiPoint"",""coordinates"":[]}"
000000000000000000d7,5.699389149538872E10,98.99123561419808,33.4470105666702,TGO,4.96099245431927E-4,0.0,0.10631524226131751,0.0,217,8.9932205E-4,8.9932205E-4,Togo,4.68202013336,15.6147778989,1,146.381377269608,0.0,1217,"{""type"":""MultiPoint"",""coordinates"":[]}"
000000000000000000d8,5.140197272935039E11,1640.6797988394494,1394.0941060560294,THA,36.096502329597136,19.651067870493918,311.1196931169066,128.64886650712424,218,8.9932205E-4,8.9932205E-4,Thailand,43.2891704989,121.33789533,1,2448.0084734536235,0.0,33768,"{""type"":""MultiPoint"",""coordinates"":[]}"
000000000000000000d9,1.4210900453405563E11,82.63416882363465,58.388216883300856,TJK,1.60527854530013,0.81747830012003,30.05554404000294,15.116756170718766,219,8.9932205E-4,8.9932205E-4,Tajikistan,14.683497179,40.1082810466,1,340.72295548507367,0.0,4362,"{""type"":""MultiPoint"",""coordinates"":[]}"
000000000000000000db,4.8958854430042285E11,165.70751453906968,158.21305923008862,TKM,0.9317897267638559,0.8442896919847299,134.72628528610278,126.6274645399594,221,8.9932205E-4,8.9932205E-4,Turkmenistan,51.0676681362,53.2015046423,1,215.1093352019119,0.0,3809,"{""type"":""MultiPoint"",""coordinates"":[]}"
000000000000000000dc,1.4914258088125732E10,4.361663972600036,2.664149878164851,TLS,0.002030314015623516,0.0,0.10263757792976373,0.0,222,8.9932205E-4,8.9932205E-4,Timor-Leste,1.22585906667,9.23893247113,1,23.813815256936262,0.0,2568,"{""type"":""MultiPoint"",""coordinates"":[]}"
000000000000000000df,1.548605300377372E11,146.9685320100773,130.8531299202315,TUN,8.52164877722424,6.989750360995622,19.210698277873128,14.696838762254233,225,8.9932205E-4,8.9932205E-4,Tunisia,15.1383639166,35.0570071296,1,289.85983523230374,0.0,8122,"{""type"":""MultiPoint"",""coordinates"":[]}"
000000000000000000e0,7.80689633535346E11,1388.7239534704306,1247.6345276276927,TUR,89.12609323807168,47.073970833566115,275.27738331807967,124.0479749199746,226,8.9932205E-4,8.9932205E-4,Turkey,81.272897489,112.596706821,1,1395.982685161985,0.0,30991,"{""type"":""MultiPoint"",""coordinates"":[]}"
000000000000000000e3,9.405662048244698E11,981.0152865534598,124.46206054233699,TZA,0.19238687207098398,0.03014491893253456,2.526470173399595,0.9309195065066412,229,8.9932205E-4,8.9932205E-4,Tanzania,76.9414944009,63.6734525275,1,1154.607285763088,0.0,13227,"{""type"":""MultiPoint"",""coordinates"":[]}"
000000000000000000e4,2.4143757461647787E11,352.51589487872775,169.30685841824598,UGA,0.0017520699738770094,0.0,0.32347661231614405,0.0,230,8.9932205E-4,8.9932205E-4,Uganda,19.6252046248,24.6623138921,1,1627.7602890917642,0.0,3559,"{""type"":""MultiPoint"",""coordinates"":[]}"
000000000000000000e5,6.013531234479537E11,2074.508293445877,1685.3928771657763,UKR,0.008092469585785977,0.0,122.1491566821564,46.03155333550405,231,8.9932205E-4,8.9932205E-4,Ukraine,73.9456898431,102.017214293,1,1484.8633889363243,0.0,18492,"{""type"":""MultiPoint"",""coordinates"":[]}"
000000000000000000e7,1.7746297580504187E11,124.37899780223428,5.053741359884497,URY,0.040513289391714336,0.0,0.5872856592674085,0.0,233,8.9932205E-4,8.9932205E-4,Uruguay,17.0868745003,23.1237155747,1,102.52834225468116,0.0,3991,"{""type"":""MultiPoint"",""coordinates"":[]}"
000000000000000000e8,9.472579298432488E12,11049.968339753446,7259.541410415966,USA,900.2588961027092,690.6214342109566,1258.569406923015,940.8497444554753,234,8.9932205E-4,8.9932205E-4,United States,1117.0954911,1689.53620131,1,17731.009800059353,0.0,461729,"{""type"":""MultiPoint"",""coordinates"":[]}"
000000000000000000e9,4.4754787482315704E11,420.200058823043,383.6104794039234,UZB,17.047055789589486,14.276483489074133,267.16485515973477,223.79635466106905,235,8.9932205E-4,8.9932205E-4,Uzbekistan,48.4724478027,68.476385883,1,1409.4972542543376,0.0,3294,"{""type"":""MultiPoint"",""coordinates"":[]}"
000000000000000000ec,9.124740670411289E11,61.304303200758135,41.32530277810665,VEN,1.0836793333084158,0.9429833009789061,5.568482858695764,4.820470922107235,238,8.9932205E-4,8.9932205E-4,Venezuela,74.7633138923,100.00973046,1,677.4994144833574,0.0,22847,"{""type"":""MultiPoint"",""coordinates"":[]}"
000000000000000000ef,3.29256499998578E11,489.6695370750064,295.6074518348692,VNM,2.1045312027728906,0.010712055886558866,211.00853881950252,1.1229233253438538,241,8.9932205E-4,8.9932205E-4,Vietnam,27.9791437509,99.6878743377,1,4765.833838292894,0.0,26560,"{""type"":""MultiPoint"",""coordinates"":[]}"
000000000000000000f0,1.231389569979804E10,0.001740613742590598,0.0,VUT,0.0,0.0,0.0,0.0,242,8.9932205E-4,8.9932205E-4,Vanuatu,1.04146845804,28.4132637972,1,4.471424262328432,0.0,8505,"{""type"":""MultiPoint"",""coordinates"":[]}"
000000000000000000f3,2.3443666684558827E8,0.7254701178729241,0.5748443103591926,XAD,0.09027847350751715,0.05141334328218258,0.1744597079133225,0.09911208879945219,245,8.9932205E-4,8.9932205E-4,Akrotiri and Dhekelia,0.023103323,2.00776980101,1,0.1634638032352941,0.0,319,"{""type"":""MultiPoint"",""coordinates"":[]}"
000000000000000000f4,3.715753512202811E11,0.5688923205642256,0.25088860741217106,XCA,0.014057304111499467,7.343963959814054E-4,0.10397092524082968,0.0021819427089868845,246,8.9932205E-4,8.9932205E-4,Caspian Sea,40.2221707555,69.8388913571,1,24.09670557134804,0.0,4527,"{""type"":""MultiPoint"",""coordinates"":[]}"
000000000000000000f6,1.0919326536318138E10,14.947170717859661,14.448652113596582,XKO,0.32019554049108906,0.0,2.026014777548493,0.0,248,8.9932205E-4,8.9932205E-4,Kosovo,1.19718529034,6.96551573971,1,68.96257958492649,0.0,910,"{""type"":""MultiPoint"",""coordinates"":[]}"
000000000000000000f7,3.313416769110538E9,11.87591666714307,4.059960051345954,XNC,0.2905753805990452,0.13968291090814672,0.43007240981312167,0.23770500124322122,249,8.9932205E-4,8.9932205E-4,Northern Cyprus,0.32831767789,5.90400176803,1,11.106023988284313,0.0,1517,"{""type"":""MultiPoint"",""coordinates"":[]}"
000000000000000000fa,4.522000333221333E11,48.333701423934116,39.25478066674983,YEM,14.754928700493833,12.435890236345005,24.397921127589747,20.333652027774058,252,8.9932205E-4,8.9932205E-4,Yemen,38.1734314877,46.3208889488,1,465.85549826127453,0.0,10042,"{""type"":""MultiPoint"",""coordinates"":[]}"
000000000000000000fb,1.2196995816308472E12,622.9430722348542,270.2366835319412,ZAF,2.174585641976339,1.5633281613347598,26.798000809909325,18.942921993255315,253,8.9932205E-4,8.9932205E-4,South Africa,113.084007874,88.0944766099,1,1998.3551486390195,0.0,20597,"{""type"":""MultiPoint"",""coordinates"":[]}"
000000000000000000fc,7.50486228934803E11,189.35008827199303,2.3735653380535524,ZMB,0.13712849233169846,0.0,2.9281196368046873,0.0,254,8.9932205E-4,8.9932205E-4,Zambia,62.6971298779,53.9386857903,1,253.52567492122554,0.0,3690,"{""type"":""MultiPoint"",""coordinates"":[]}"
000000000000000000fd,3.906758845749054E11,418.6628128144989,14.981424726891522,ZWE,0.4905441091862996,0.15206878368688054,4.523932238060072,1.3925986767015475,255,8.9932205E-4,8.9932205E-4,Zimbabwe,33.5335308474,28.2261213805,1,208.92868492210812,0.0,1962,"{""type"":""MultiPoint"",""coordinates"":[]}"
000000000000000000fe,9.954223220401934E12,2365.373097124748,1618.9639057897925,CAN,5.788519859418399,9.313537319788196E-4,45.13752667403591,5.561106542781883,39,8.9932205E-4,8.9932205E-4,Canada,1692.99245381,4902.8589469,1,1391.7632042829407,0.0,650421,"{""type"":""MultiPoint"",""coordinates"":[]}"
